"matchId","decisionId","edgeId","label","capturesNow","newThirdSides","nextPlayer","capturableAfter","opponentImmediateCapture","safeMovesAfter","componentsAfter","search","featureMs","selected","probability","modelConfidence","source"
"60af0697-8368-4c75-b9a4-c206734b242d","63beda99-3bf5-42d0-b908-7adadc6f0e48","0","A1–B1","0","0","0","0","0","38","[{""boxes"":[0,1,2,3,4,5,6,7,8,9,10,11,12,13,14,15],""length"":16,""exteriorPorts"":14,""type"":""unclassified""}]","{""estimate"":0,""exact"":false,""requestedDepth"":2,""nodes"":1,""nodeBudget"":51,""cacheHits"":0,""cutoffs"":38}","0.7442180000000036","true","","","local"
"60af0697-8368-4c75-b9a4-c206734b242d","63beda99-3bf5-42d0-b908-7adadc6f0e48","1","B1–C1","0","0","0","0","0","38","[{""boxes"":[0,1,2,3,4,5,6,7,8,9,10,11,12,13,14,15],""length"":16,""exteriorPorts"":14,""type"":""unclassified""}]","{""estimate"":0,""exact"":false,""requestedDepth"":2,""nodes"":1,""nodeBudget"":51,""cacheHits"":0,""cutoffs"":38}","0.36848400000000225","false","","","local"
"60af0697-8368-4c75-b9a4-c206734b242d","63beda99-3bf5-42d0-b908-7adadc6f0e48","2","C1–D1","0","0","0","0","0","38","[{""boxes"":[0,1,2,3,4,5,6,7,8,9,10,11,12,13,14,15],""length"":16,""exteriorPorts"":14,""type"":""unclassified""}]","{""estimate"":0,""exact"":false,""requestedDepth"":2,""nodes"":1,""nodeBudget"":51,""cacheHits"":0,""cutoffs"":38}","0.2912979999999976","false","","","local"
"60af0697-8368-4c75-b9a4-c206734b242d","63beda99-3bf5-42d0-b908-7adadc6f0e48","3","D1–E1","0","0","0","0","0","38","[{""boxes"":[0,1,2,3,4,5,6,7,8,9,10,11,12,13,14,15],""length"":16,""exteriorPorts"":14,""type"":""unclassified""}]","{""estimate"":0,""exact"":false,""requestedDepth"":2,""nodes"":1,""nodeBudget"":51,""cacheHits"":0,""cutoffs"":38}","0.4530109999999965","false","","","local"
"60af0697-8368-4c75-b9a4-c206734b242d","63beda99-3bf5-42d0-b908-7adadc6f0e48","4","A2–B2","0","0","0","0","0","38","[{""boxes"":[0,1,2,3,4,5,6,7,8,9,10,11,12,13,14,15],""length"":16,""exteriorPorts"":15,""type"":""unclassified""}]","{""estimate"":0,""exact"":false,""requestedDepth"":2,""nodes"":1,""nodeBudget"":51,""cacheHits"":0,""cutoffs"":38}","0.33284999999999343","false","","","local"
"60af0697-8368-4c75-b9a4-c206734b242d","63beda99-3bf5-42d0-b908-7adadc6f0e48","5","B2–C2","0","0","0","0","0","38","[{""boxes"":[0,1,2,3,4,5,6,7,8,9,10,11,12,13,14,15],""length"":16,""exteriorPorts"":15,""type"":""unclassified""}]","{""estimate"":0,""exact"":false,""requestedDepth"":2,""nodes"":1,""nodeBudget"":51,""cacheHits"":0,""cutoffs"":38}","0.21409200000000084","false","","","local"
"60af0697-8368-4c75-b9a4-c206734b242d","63beda99-3bf5-42d0-b908-7adadc6f0e48","6","C2–D2","0","0","0","0","0","38","[{""boxes"":[0,1,2,3,4,5,6,7,8,9,10,11,12,13,14,15],""length"":16,""exteriorPorts"":15,""type"":""unclassified""}]","{""estimate"":0,""exact"":false,""requestedDepth"":2,""nodes"":1,""nodeBudget"":51,""cacheHits"":0,""cutoffs"":38}","0.23990099999999615","false","","","local"
"60af0697-8368-4c75-b9a4-c206734b242d","63beda99-3bf5-42d0-b908-7adadc6f0e48","7","D2–E2","0","0","0","0","0","38","[{""boxes"":[0,1,2,3,4,5,6,7,8,9,10,11,12,13,14,15],""length"":16,""exteriorPorts"":15,""type"":""unclassified""}]","{""estimate"":0,""exact"":false,""requestedDepth"":2,""nodes"":1,""nodeBudget"":51,""cacheHits"":0,""cutoffs"":38}","0.27019599999999855","false","","","local"
"60af0697-8368-4c75-b9a4-c206734b242d","63beda99-3bf5-42d0-b908-7adadc6f0e48","8","A3–B3","0","0","0","0","0","38","[{""boxes"":[0,1,2,3,4,5,6,7,8,9,10,11,12,13,14,15],""length"":16,""exteriorPorts"":15,""type"":""unclassified""}]","{""estimate"":0,""exact"":false,""requestedDepth"":2,""nodes"":1,""nodeBudget"":51,""cacheHits"":0,""cutoffs"":38}","0.3924699999999959","false","","","local"
"60af0697-8368-4c75-b9a4-c206734b242d","63beda99-3bf5-42d0-b908-7adadc6f0e48","9","B3–C3","0","0","0","0","0","38","[{""boxes"":[0,1,2,3,4,5,6,7,8,9,10,11,12,13,14,15],""length"":16,""exteriorPorts"":15,""type"":""unclassified""}]","{""estimate"":0,""exact"":false,""requestedDepth"":2,""nodes"":1,""nodeBudget"":51,""cacheHits"":0,""cutoffs"":38}","0.21905900000000145","false","","","local"
"60af0697-8368-4c75-b9a4-c206734b242d","63beda99-3bf5-42d0-b908-7adadc6f0e48","10","C3–D3","0","0","0","0","0","38","[{""boxes"":[0,1,2,3,4,5,6,7,8,9,10,11,12,13,14,15],""length"":16,""exteriorPorts"":15,""type"":""unclassified""}]","{""estimate"":0,""exact"":false,""requestedDepth"":2,""nodes"":1,""nodeBudget"":51,""cacheHits"":0,""cutoffs"":38}","0.24315599999999904","false","","","local"
"60af0697-8368-4c75-b9a4-c206734b242d","63beda99-3bf5-42d0-b908-7adadc6f0e48","11","D3–E3","0","0","0","0","0","38","[{""boxes"":[0,1,2,3,4,5,6,7,8,9,10,11,12,13,14,15],""length"":16,""exteriorPorts"":15,""type"":""unclassified""}]","{""estimate"":0,""exact"":false,""requestedDepth"":2,""nodes"":1,""nodeBudget"":51,""cacheHits"":0,""cutoffs"":38}","0.2227049999999977","false","","","local"
"60af0697-8368-4c75-b9a4-c206734b242d","63beda99-3bf5-42d0-b908-7adadc6f0e48","12","A4–B4","0","0","0","0","0","36","[{""boxes"":[0,1,2,3,4,5,6,7,8,9,10,11,12,13,14,15],""length"":16,""exteriorPorts"":15,""type"":""unclassified""}]","{""estimate"":0,""exact"":false,""requestedDepth"":2,""nodes"":1,""nodeBudget"":51,""cacheHits"":0,""cutoffs"":38}","0.43047700000000333","false","","","local"
"60af0697-8368-4c75-b9a4-c206734b242d","63beda99-3bf5-42d0-b908-7adadc6f0e48","13","B4–C4","0","0","0","0","0","38","[{""boxes"":[0,1,2,3,4,5,6,7,8,9,10,11,12,13,14,15],""length"":16,""exteriorPorts"":15,""type"":""unclassified""}]","{""estimate"":0,""exact"":false,""requestedDepth"":2,""nodes"":1,""nodeBudget"":51,""cacheHits"":0,""cutoffs"":38}","0.24658099999999905","false","","","local"
"60af0697-8368-4c75-b9a4-c206734b242d","63beda99-3bf5-42d0-b908-7adadc6f0e48","14","C4–D4","0","0","0","0","0","38","[{""boxes"":[0,1,2,3,4,5,6,7,8,9,10,11,12,13,14,15],""length"":16,""exteriorPorts"":15,""type"":""unclassified""}]","{""estimate"":0,""exact"":false,""requestedDepth"":2,""nodes"":1,""nodeBudget"":51,""cacheHits"":0,""cutoffs"":38}","0.24441800000000313","false","","","local"
"60af0697-8368-4c75-b9a4-c206734b242d","63beda99-3bf5-42d0-b908-7adadc6f0e48","15","D4–E4","0","0","0","0","0","38","[{""boxes"":[0,1,2,3,4,5,6,7,8,9,10,11,12,13,14,15],""length"":16,""exteriorPorts"":15,""type"":""unclassified""}]","{""estimate"":0,""exact"":false,""requestedDepth"":2,""nodes"":1,""nodeBudget"":51,""cacheHits"":0,""cutoffs"":38}","0.22269500000000164","false","","","local"
"60af0697-8368-4c75-b9a4-c206734b242d","63beda99-3bf5-42d0-b908-7adadc6f0e48","17","B5–C5","0","0","0","0","0","38","[{""boxes"":[0,1,2,3,4,5,6,7,8,9,10,11,12,13,14,15],""length"":16,""exteriorPorts"":14,""type"":""unclassified""}]","{""estimate"":0,""exact"":false,""requestedDepth"":2,""nodes"":1,""nodeBudget"":51,""cacheHits"":0,""cutoffs"":38}","0.4635369999999952","false","","","local"
"60af0697-8368-4c75-b9a4-c206734b242d","63beda99-3bf5-42d0-b908-7adadc6f0e48","18","C5–D5","0","0","0","0","0","38","[{""boxes"":[0,1,2,3,4,5,6,7,8,9,10,11,12,13,14,15],""length"":16,""exteriorPorts"":14,""type"":""unclassified""}]","{""estimate"":0,""exact"":false,""requestedDepth"":2,""nodes"":1,""nodeBudget"":51,""cacheHits"":0,""cutoffs"":38}","0.21628499999999917","false","","","local"
"60af0697-8368-4c75-b9a4-c206734b242d","63beda99-3bf5-42d0-b908-7adadc6f0e48","19","D5–E5","0","0","0","0","0","38","[{""boxes"":[0,1,2,3,4,5,6,7,8,9,10,11,12,13,14,15],""length"":16,""exteriorPorts"":14,""type"":""unclassified""}]","{""estimate"":0,""exact"":false,""requestedDepth"":2,""nodes"":1,""nodeBudget"":51,""cacheHits"":0,""cutoffs"":38}","0.2158239999999978","false","","","local"
"60af0697-8368-4c75-b9a4-c206734b242d","63beda99-3bf5-42d0-b908-7adadc6f0e48","20","A1–A2","0","0","0","0","0","38","[{""boxes"":[0,1,2,3,4,5,6,7,8,9,10,11,12,13,14,15],""length"":16,""exteriorPorts"":14,""type"":""unclassified""}]","{""estimate"":0,""exact"":false,""requestedDepth"":2,""nodes"":1,""nodeBudget"":51,""cacheHits"":0,""cutoffs"":38}","0.299590000000002","false","","","local"
"60af0697-8368-4c75-b9a4-c206734b242d","63beda99-3bf5-42d0-b908-7adadc6f0e48","21","B1–B2","0","0","0","0","0","38","[{""boxes"":[0,1,2,3,4,5,6,7,8,9,10,11,12,13,14,15],""length"":16,""exteriorPorts"":15,""type"":""unclassified""}]","{""estimate"":0,""exact"":false,""requestedDepth"":2,""nodes"":1,""nodeBudget"":51,""cacheHits"":0,""cutoffs"":38}","0.3399210000000039","false","","","local"
"60af0697-8368-4c75-b9a4-c206734b242d","63beda99-3bf5-42d0-b908-7adadc6f0e48","22","C1–C2","0","0","0","0","0","38","[{""boxes"":[0,1,2,3,4,5,6,7,8,9,10,11,12,13,14,15],""length"":16,""exteriorPorts"":15,""type"":""unclassified""}]","{""estimate"":0,""exact"":false,""requestedDepth"":2,""nodes"":1,""nodeBudget"":51,""cacheHits"":0,""cutoffs"":38}","0.26413699999999807","false","","","local"
"60af0697-8368-4c75-b9a4-c206734b242d","63beda99-3bf5-42d0-b908-7adadc6f0e48","23","D1–D2","0","0","0","0","0","38","[{""boxes"":[0,1,2,3,4,5,6,7,8,9,10,11,12,13,14,15],""length"":16,""exteriorPorts"":15,""type"":""unclassified""}]","{""estimate"":0,""exact"":false,""requestedDepth"":2,""nodes"":1,""nodeBudget"":51,""cacheHits"":0,""cutoffs"":38}","0.20824299999999596","false","","","local"
"60af0697-8368-4c75-b9a4-c206734b242d","63beda99-3bf5-42d0-b908-7adadc6f0e48","24","E1–E2","0","0","0","0","0","38","[{""boxes"":[0,1,2,3,4,5,6,7,8,9,10,11,12,13,14,15],""length"":16,""exteriorPorts"":14,""type"":""unclassified""}]","{""estimate"":0,""exact"":false,""requestedDepth"":2,""nodes"":1,""nodeBudget"":51,""cacheHits"":0,""cutoffs"":38}","0.20073200000000213","false","","","local"
"60af0697-8368-4c75-b9a4-c206734b242d","63beda99-3bf5-42d0-b908-7adadc6f0e48","25","A2–A3","0","0","0","0","0","38","[{""boxes"":[0,1,2,3,4,5,6,7,8,9,10,11,12,13,14,15],""length"":16,""exteriorPorts"":14,""type"":""unclassified""}]","{""estimate"":0,""exact"":false,""requestedDepth"":2,""nodes"":1,""nodeBudget"":51,""cacheHits"":0,""cutoffs"":38}","0.20289500000000515","false","","","local"
"60af0697-8368-4c75-b9a4-c206734b242d","63beda99-3bf5-42d0-b908-7adadc6f0e48","26","B2–B3","0","0","0","0","0","38","[{""boxes"":[0,1,2,3,4,5,6,7,8,9,10,11,12,13,14,15],""length"":16,""exteriorPorts"":15,""type"":""unclassified""}]","{""estimate"":0,""exact"":false,""requestedDepth"":2,""nodes"":1,""nodeBudget"":51,""cacheHits"":0,""cutoffs"":38}","0.35260000000000247","false","","","local"
"60af0697-8368-4c75-b9a4-c206734b242d","63beda99-3bf5-42d0-b908-7adadc6f0e48","27","C2–C3","0","0","0","0","0","38","[{""boxes"":[0,1,2,3,4,5,6,7,8,9,10,11,12,13,14,15],""length"":16,""exteriorPorts"":15,""type"":""unclassified""}]","{""estimate"":0,""exact"":false,""requestedDepth"":2,""nodes"":1,""nodeBudget"":51,""cacheHits"":0,""cutoffs"":38}","0.4233159999999998","false","","","local"
"60af0697-8368-4c75-b9a4-c206734b242d","63beda99-3bf5-42d0-b908-7adadc6f0e48","28","D2–D3","0","0","0","0","0","38","[{""boxes"":[0,1,2,3,4,5,6,7,8,9,10,11,12,13,14,15],""length"":16,""exteriorPorts"":15,""type"":""unclassified""}]","{""estimate"":0,""exact"":false,""requestedDepth"":2,""nodes"":1,""nodeBudget"":51,""cacheHits"":0,""cutoffs"":38}","0.3083740000000006","false","","","local"
"60af0697-8368-4c75-b9a4-c206734b242d","63beda99-3bf5-42d0-b908-7adadc6f0e48","29","E2–E3","0","0","0","0","0","38","[{""boxes"":[0,1,2,3,4,5,6,7,8,9,10,11,12,13,14,15],""length"":16,""exteriorPorts"":14,""type"":""unclassified""}]","{""estimate"":0,""exact"":false,""requestedDepth"":2,""nodes"":1,""nodeBudget"":51,""cacheHits"":0,""cutoffs"":38}","0.20766199999999913","false","","","local"
"60af0697-8368-4c75-b9a4-c206734b242d","63beda99-3bf5-42d0-b908-7adadc6f0e48","30","A3–A4","0","0","0","0","0","38","[{""boxes"":[0,1,2,3,4,5,6,7,8,9,10,11,12,13,14,15],""length"":16,""exteriorPorts"":14,""type"":""unclassified""}]","{""estimate"":0,""exact"":false,""requestedDepth"":2,""nodes"":1,""nodeBudget"":51,""cacheHits"":0,""cutoffs"":38}","0.5943539999999956","false","","","local"
"60af0697-8368-4c75-b9a4-c206734b242d","63beda99-3bf5-42d0-b908-7adadc6f0e48","31","B3–B4","0","0","0","0","0","38","[{""boxes"":[0,1,2,3,4,5,6,7,8,9,10,11,12,13,14,15],""length"":16,""exteriorPorts"":15,""type"":""unclassified""}]","{""estimate"":0,""exact"":false,""requestedDepth"":2,""nodes"":1,""nodeBudget"":51,""cacheHits"":0,""cutoffs"":38}","0.25534300000000343","false","","","local"
"60af0697-8368-4c75-b9a4-c206734b242d","63beda99-3bf5-42d0-b908-7adadc6f0e48","32","C3–C4","0","0","0","0","0","38","[{""boxes"":[0,1,2,3,4,5,6,7,8,9,10,11,12,13,14,15],""length"":16,""exteriorPorts"":15,""type"":""unclassified""}]","{""estimate"":0,""exact"":false,""requestedDepth"":2,""nodes"":1,""nodeBudget"":51,""cacheHits"":0,""cutoffs"":38}","0.20829299999999762","false","","","local"
"60af0697-8368-4c75-b9a4-c206734b242d","63beda99-3bf5-42d0-b908-7adadc6f0e48","33","D3–D4","0","0","0","0","0","38","[{""boxes"":[0,1,2,3,4,5,6,7,8,9,10,11,12,13,14,15],""length"":16,""exteriorPorts"":15,""type"":""unclassified""}]","{""estimate"":0,""exact"":false,""requestedDepth"":2,""nodes"":1,""nodeBudget"":51,""cacheHits"":0,""cutoffs"":38}","1.7050529999999995","false","","","local"
"60af0697-8368-4c75-b9a4-c206734b242d","63beda99-3bf5-42d0-b908-7adadc6f0e48","34","E3–E4","0","0","0","0","0","38","[{""boxes"":[0,1,2,3,4,5,6,7,8,9,10,11,12,13,14,15],""length"":16,""exteriorPorts"":14,""type"":""unclassified""}]","{""estimate"":0,""exact"":false,""requestedDepth"":2,""nodes"":1,""nodeBudget"":51,""cacheHits"":0,""cutoffs"":38}","0.5310980000000001","false","","","local"
"60af0697-8368-4c75-b9a4-c206734b242d","63beda99-3bf5-42d0-b908-7adadc6f0e48","35","A4–A5","0","0","0","0","0","36","[{""boxes"":[0,1,2,3,4,5,6,7,8,9,10,11,12,13,14,15],""length"":16,""exteriorPorts"":14,""type"":""unclassified""}]","{""estimate"":0,""exact"":false,""requestedDepth"":2,""nodes"":1,""nodeBudget"":51,""cacheHits"":0,""cutoffs"":38}","0.2589490000000012","false","","","local"
"60af0697-8368-4c75-b9a4-c206734b242d","63beda99-3bf5-42d0-b908-7adadc6f0e48","36","B4–B5","0","0","0","0","0","36","[{""boxes"":[0,1,2,3,4,5,6,7,8,9,10,11,12,13,14,15],""length"":16,""exteriorPorts"":15,""type"":""unclassified""}]","{""estimate"":0,""exact"":false,""requestedDepth"":2,""nodes"":1,""nodeBudget"":51,""cacheHits"":0,""cutoffs"":38}","0.31702699999999595","false","","","local"
"60af0697-8368-4c75-b9a4-c206734b242d","63beda99-3bf5-42d0-b908-7adadc6f0e48","37","C4–C5","0","0","0","0","0","38","[{""boxes"":[0,1,2,3,4,5,6,7,8,9,10,11,12,13,14,15],""length"":16,""exteriorPorts"":15,""type"":""unclassified""}]","{""estimate"":0,""exact"":false,""requestedDepth"":2,""nodes"":1,""nodeBudget"":51,""cacheHits"":0,""cutoffs"":38}","0.20645999999999987","false","","","local"
"60af0697-8368-4c75-b9a4-c206734b242d","63beda99-3bf5-42d0-b908-7adadc6f0e48","38","D4–D5","0","0","0","0","0","38","[{""boxes"":[0,1,2,3,4,5,6,7,8,9,10,11,12,13,14,15],""length"":16,""exteriorPorts"":15,""type"":""unclassified""}]","{""estimate"":0,""exact"":false,""requestedDepth"":2,""nodes"":1,""nodeBudget"":51,""cacheHits"":0,""cutoffs"":38}","0.32524900000000656","false","","","local"
"60af0697-8368-4c75-b9a4-c206734b242d","63beda99-3bf5-42d0-b908-7adadc6f0e48","39","E4–E5","0","0","0","0","0","38","[{""boxes"":[0,1,2,3,4,5,6,7,8,9,10,11,12,13,14,15],""length"":16,""exteriorPorts"":14,""type"":""unclassified""}]","{""estimate"":0,""exact"":false,""requestedDepth"":2,""nodes"":1,""nodeBudget"":51,""cacheHits"":0,""cutoffs"":38}","0.257197000000005","false","","","local"
"60af0697-8368-4c75-b9a4-c206734b242d","672fad75-7a90-45b2-a8e7-e8e43e62f39f","1","B1–C1","0","0","0","0","0","36","[{""boxes"":[0,1,2,3,4,5,6,7,8,9,10,11,12,13,14,15],""length"":16,""exteriorPorts"":13,""type"":""unclassified""}]","{""estimate"":0,""exact"":false,""requestedDepth"":2,""nodes"":1,""nodeBudget"":54,""cacheHits"":0,""cutoffs"":36}","0.226460000000003","true","","","local"
"60af0697-8368-4c75-b9a4-c206734b242d","672fad75-7a90-45b2-a8e7-e8e43e62f39f","2","C1–D1","0","0","0","0","0","36","[{""boxes"":[0,1,2,3,4,5,6,7,8,9,10,11,12,13,14,15],""length"":16,""exteriorPorts"":13,""type"":""unclassified""}]","{""estimate"":0,""exact"":false,""requestedDepth"":2,""nodes"":1,""nodeBudget"":54,""cacheHits"":0,""cutoffs"":36}","0.29397199999999657","false","","","local"
"60af0697-8368-4c75-b9a4-c206734b242d","672fad75-7a90-45b2-a8e7-e8e43e62f39f","3","D1–E1","0","0","0","0","0","36","[{""boxes"":[0,1,2,3,4,5,6,7,8,9,10,11,12,13,14,15],""length"":16,""exteriorPorts"":13,""type"":""unclassified""}]","{""estimate"":0,""exact"":false,""requestedDepth"":2,""nodes"":1,""nodeBudget"":54,""cacheHits"":0,""cutoffs"":36}","0.4122899999999987","false","","","local"
"60af0697-8368-4c75-b9a4-c206734b242d","672fad75-7a90-45b2-a8e7-e8e43e62f39f","4","A2–B2","0","0","0","0","0","32","[{""boxes"":[0,1,2,3,4,5,6,7,8,9,10,11,12,13,14,15],""length"":16,""exteriorPorts"":14,""type"":""unclassified""}]","{""estimate"":0,""exact"":false,""requestedDepth"":2,""nodes"":1,""nodeBudget"":54,""cacheHits"":0,""cutoffs"":36}","0.3752939999999967","false","","","local"
"60af0697-8368-4c75-b9a4-c206734b242d","672fad75-7a90-45b2-a8e7-e8e43e62f39f","5","B2–C2","0","0","0","0","0","36","[{""boxes"":[0,1,2,3,4,5,6,7,8,9,10,11,12,13,14,15],""length"":16,""exteriorPorts"":14,""type"":""unclassified""}]","{""estimate"":0,""exact"":false,""requestedDepth"":2,""nodes"":1,""nodeBudget"":54,""cacheHits"":0,""cutoffs"":36}","0.29219000000000506","false","","","local"
"60af0697-8368-4c75-b9a4-c206734b242d","672fad75-7a90-45b2-a8e7-e8e43e62f39f","6","C2–D2","0","0","0","0","0","36","[{""boxes"":[0,1,2,3,4,5,6,7,8,9,10,11,12,13,14,15],""length"":16,""exteriorPorts"":14,""type"":""unclassified""}]","{""estimate"":0,""exact"":false,""requestedDepth"":2,""nodes"":1,""nodeBudget"":54,""cacheHits"":0,""cutoffs"":36}","0.5711990000000071","false","","","local"
"60af0697-8368-4c75-b9a4-c206734b242d","672fad75-7a90-45b2-a8e7-e8e43e62f39f","7","D2–E2","0","0","0","0","0","36","[{""boxes"":[0,1,2,3,4,5,6,7,8,9,10,11,12,13,14,15],""length"":16,""exteriorPorts"":14,""type"":""unclassified""}]","{""estimate"":0,""exact"":false,""requestedDepth"":2,""nodes"":1,""nodeBudget"":54,""cacheHits"":0,""cutoffs"":36}","0.3466510000000085","false","","","local"
"60af0697-8368-4c75-b9a4-c206734b242d","672fad75-7a90-45b2-a8e7-e8e43e62f39f","9","B3–C3","0","0","0","0","0","36","[{""boxes"":[0,1,2,3,4,5,6,7,8,9,10,11,12,13,14,15],""length"":16,""exteriorPorts"":14,""type"":""unclassified""}]","{""estimate"":0,""exact"":false,""requestedDepth"":2,""nodes"":1,""nodeBudget"":54,""cacheHits"":0,""cutoffs"":36}","0.24499899999999286","false","","","local"
"60af0697-8368-4c75-b9a4-c206734b242d","672fad75-7a90-45b2-a8e7-e8e43e62f39f","10","C3–D3","0","0","0","0","0","36","[{""boxes"":[0,1,2,3,4,5,6,7,8,9,10,11,12,13,14,15],""length"":16,""exteriorPorts"":14,""type"":""unclassified""}]","{""estimate"":0,""exact"":false,""requestedDepth"":2,""nodes"":1,""nodeBudget"":54,""cacheHits"":0,""cutoffs"":36}","0.20629000000000985","false","","","local"
"60af0697-8368-4c75-b9a4-c206734b242d","672fad75-7a90-45b2-a8e7-e8e43e62f39f","11","D3–E3","0","0","0","0","0","36","[{""boxes"":[0,1,2,3,4,5,6,7,8,9,10,11,12,13,14,15],""length"":16,""exteriorPorts"":14,""type"":""unclassified""}]","{""estimate"":0,""exact"":false,""requestedDepth"":2,""nodes"":1,""nodeBudget"":54,""cacheHits"":0,""cutoffs"":36}","0.2277519999999953","false","","","local"
"60af0697-8368-4c75-b9a4-c206734b242d","672fad75-7a90-45b2-a8e7-e8e43e62f39f","12","A4–B4","0","0","0","0","0","32","[{""boxes"":[0,1,2,3,4,5,6,7,8,9,10,11,12,13,14,15],""length"":16,""exteriorPorts"":14,""type"":""unclassified""}]","{""estimate"":0,""exact"":false,""requestedDepth"":2,""nodes"":1,""nodeBudget"":54,""cacheHits"":0,""cutoffs"":36}","0.4472720000000123","false","","","local"
"60af0697-8368-4c75-b9a4-c206734b242d","672fad75-7a90-45b2-a8e7-e8e43e62f39f","13","B4–C4","0","0","0","0","0","36","[{""boxes"":[0,1,2,3,4,5,6,7,8,9,10,11,12,13,14,15],""length"":16,""exteriorPorts"":14,""type"":""unclassified""}]","{""estimate"":0,""exact"":false,""requestedDepth"":2,""nodes"":1,""nodeBudget"":54,""cacheHits"":0,""cutoffs"":36}","0.3169870000000117","false","","","local"
"60af0697-8368-4c75-b9a4-c206734b242d","672fad75-7a90-45b2-a8e7-e8e43e62f39f","14","C4–D4","0","0","0","0","0","36","[{""boxes"":[0,1,2,3,4,5,6,7,8,9,10,11,12,13,14,15],""length"":16,""exteriorPorts"":14,""type"":""unclassified""}]","{""estimate"":0,""exact"":false,""requestedDepth"":2,""nodes"":1,""nodeBudget"":54,""cacheHits"":0,""cutoffs"":36}","0.29960099999999557","false","","","local"
"60af0697-8368-4c75-b9a4-c206734b242d","672fad75-7a90-45b2-a8e7-e8e43e62f39f","15","D4–E4","0","0","0","0","0","36","[{""boxes"":[0,1,2,3,4,5,6,7,8,9,10,11,12,13,14,15],""length"":16,""exteriorPorts"":14,""type"":""unclassified""}]","{""estimate"":0,""exact"":false,""requestedDepth"":2,""nodes"":1,""nodeBudget"":54,""cacheHits"":0,""cutoffs"":36}","0.3078430000000054","false","","","local"
"60af0697-8368-4c75-b9a4-c206734b242d","672fad75-7a90-45b2-a8e7-e8e43e62f39f","17","B5–C5","0","0","0","0","0","36","[{""boxes"":[0,1,2,3,4,5,6,7,8,9,10,11,12,13,14,15],""length"":16,""exteriorPorts"":13,""type"":""unclassified""}]","{""estimate"":0,""exact"":false,""requestedDepth"":2,""nodes"":1,""nodeBudget"":54,""cacheHits"":0,""cutoffs"":36}","0.4765160000000037","false","","","local"
"60af0697-8368-4c75-b9a4-c206734b242d","672fad75-7a90-45b2-a8e7-e8e43e62f39f","18","C5–D5","0","0","0","0","0","36","[{""boxes"":[0,1,2,3,4,5,6,7,8,9,10,11,12,13,14,15],""length"":16,""exteriorPorts"":13,""type"":""unclassified""}]","{""estimate"":0,""exact"":false,""requestedDepth"":2,""nodes"":1,""nodeBudget"":54,""cacheHits"":0,""cutoffs"":36}","0.21384199999999964","false","","","local"
"60af0697-8368-4c75-b9a4-c206734b242d","672fad75-7a90-45b2-a8e7-e8e43e62f39f","19","D5–E5","0","0","0","0","0","36","[{""boxes"":[0,1,2,3,4,5,6,7,8,9,10,11,12,13,14,15],""length"":16,""exteriorPorts"":13,""type"":""unclassified""}]","{""estimate"":0,""exact"":false,""requestedDepth"":2,""nodes"":1,""nodeBudget"":54,""cacheHits"":0,""cutoffs"":36}","0.22142300000000148","false","","","local"
"60af0697-8368-4c75-b9a4-c206734b242d","672fad75-7a90-45b2-a8e7-e8e43e62f39f","20","A1–A2","0","0","0","0","0","34","[{""boxes"":[0,1,2,3,4,5,6,7,8,9,10,11,12,13,14,15],""length"":16,""exteriorPorts"":13,""type"":""unclassified""}]","{""estimate"":0,""exact"":false,""requestedDepth"":2,""nodes"":1,""nodeBudget"":54,""cacheHits"":0,""cutoffs"":36}","0.24131200000000774","false","","","local"
"60af0697-8368-4c75-b9a4-c206734b242d","672fad75-7a90-45b2-a8e7-e8e43e62f39f","21","B1–B2","0","0","0","0","0","34","[{""boxes"":[0,1,2,3,4,5,6,7,8,9,10,11,12,13,14,15],""length"":16,""exteriorPorts"":14,""type"":""unclassified""}]","{""estimate"":0,""exact"":false,""requestedDepth"":2,""nodes"":1,""nodeBudget"":54,""cacheHits"":0,""cutoffs"":36}","0.23728700000000913","false","","","local"
"60af0697-8368-4c75-b9a4-c206734b242d","672fad75-7a90-45b2-a8e7-e8e43e62f39f","22","C1–C2","0","0","0","0","0","36","[{""boxes"":[0,1,2,3,4,5,6,7,8,9,10,11,12,13,14,15],""length"":16,""exteriorPorts"":14,""type"":""unclassified""}]","{""estimate"":0,""exact"":false,""requestedDepth"":2,""nodes"":1,""nodeBudget"":54,""cacheHits"":0,""cutoffs"":36}","0.20275500000001045","false","","","local"
"60af0697-8368-4c75-b9a4-c206734b242d","672fad75-7a90-45b2-a8e7-e8e43e62f39f","23","D1–D2","0","0","0","0","0","36","[{""boxes"":[0,1,2,3,4,5,6,7,8,9,10,11,12,13,14,15],""length"":16,""exteriorPorts"":14,""type"":""unclassified""}]","{""estimate"":0,""exact"":false,""requestedDepth"":2,""nodes"":1,""nodeBudget"":54,""cacheHits"":0,""cutoffs"":36}","0.2169059999999945","false","","","local"
"60af0697-8368-4c75-b9a4-c206734b242d","672fad75-7a90-45b2-a8e7-e8e43e62f39f","24","E1–E2","0","0","0","0","0","36","[{""boxes"":[0,1,2,3,4,5,6,7,8,9,10,11,12,13,14,15],""length"":16,""exteriorPorts"":13,""type"":""unclassified""}]","{""estimate"":0,""exact"":false,""requestedDepth"":2,""nodes"":1,""nodeBudget"":54,""cacheHits"":0,""cutoffs"":36}","0.20444700000000182","false","","","local"
"60af0697-8368-4c75-b9a4-c206734b242d","672fad75-7a90-45b2-a8e7-e8e43e62f39f","25","A2–A3","0","0","0","0","0","34","[{""boxes"":[0,1,2,3,4,5,6,7,8,9,10,11,12,13,14,15],""length"":16,""exteriorPorts"":13,""type"":""unclassified""}]","{""estimate"":0,""exact"":false,""requestedDepth"":2,""nodes"":1,""nodeBudget"":54,""cacheHits"":0,""cutoffs"":36}","0.2958550000000031","false","","","local"
"60af0697-8368-4c75-b9a4-c206734b242d","672fad75-7a90-45b2-a8e7-e8e43e62f39f","26","B2–B3","0","0","0","0","0","34","[{""boxes"":[0,1,2,3,4,5,6,7,8,9,10,11,12,13,14,15],""length"":16,""exteriorPorts"":14,""type"":""unclassified""}]","{""estimate"":0,""exact"":false,""requestedDepth"":2,""nodes"":1,""nodeBudget"":54,""cacheHits"":0,""cutoffs"":36}","0.3819340000000011","false","","","local"
"60af0697-8368-4c75-b9a4-c206734b242d","672fad75-7a90-45b2-a8e7-e8e43e62f39f","27","C2–C3","0","0","0","0","0","36","[{""boxes"":[0,1,2,3,4,5,6,7,8,9,10,11,12,13,14,15],""length"":16,""exteriorPorts"":14,""type"":""unclassified""}]","{""estimate"":0,""exact"":false,""requestedDepth"":2,""nodes"":1,""nodeBudget"":54,""cacheHits"":0,""cutoffs"":36}","0.40209500000000276","false","","","local"
"60af0697-8368-4c75-b9a4-c206734b242d","672fad75-7a90-45b2-a8e7-e8e43e62f39f","28","D2–D3","0","0","0","0","0","36","[{""boxes"":[0,1,2,3,4,5,6,7,8,9,10,11,12,13,14,15],""length"":16,""exteriorPorts"":14,""type"":""unclassified""}]","{""estimate"":0,""exact"":false,""requestedDepth"":2,""nodes"":1,""nodeBudget"":54,""cacheHits"":0,""cutoffs"":36}","0.18712099999999054","false","","","local"
"60af0697-8368-4c75-b9a4-c206734b242d","672fad75-7a90-45b2-a8e7-e8e43e62f39f","29","E2–E3","0","0","0","0","0","36","[{""boxes"":[0,1,2,3,4,5,6,7,8,9,10,11,12,13,14,15],""length"":16,""exteriorPorts"":13,""type"":""unclassified""}]","{""estimate"":0,""exact"":false,""requestedDepth"":2,""nodes"":1,""nodeBudget"":54,""cacheHits"":0,""cutoffs"":36}","0.1785380000000032","false","","","local"
"60af0697-8368-4c75-b9a4-c206734b242d","672fad75-7a90-45b2-a8e7-e8e43e62f39f","30","A3–A4","0","0","0","0","0","34","[{""boxes"":[0,1,2,3,4,5,6,7,8,9,10,11,12,13,14,15],""length"":16,""exteriorPorts"":13,""type"":""unclassified""}]","{""estimate"":0,""exact"":false,""requestedDepth"":2,""nodes"":1,""nodeBudget"":54,""cacheHits"":0,""cutoffs"":36}","0.20673099999999067","false","","","local"
"60af0697-8368-4c75-b9a4-c206734b242d","672fad75-7a90-45b2-a8e7-e8e43e62f39f","31","B3–B4","0","0","0","0","0","34","[{""boxes"":[0,1,2,3,4,5,6,7,8,9,10,11,12,13,14,15],""length"":16,""exteriorPorts"":14,""type"":""unclassified""}]","{""estimate"":0,""exact"":false,""requestedDepth"":2,""nodes"":1,""nodeBudget"":54,""cacheHits"":0,""cutoffs"":36}","0.23794800000000293","false","","","local"
"60af0697-8368-4c75-b9a4-c206734b242d","672fad75-7a90-45b2-a8e7-e8e43e62f39f","32","C3–C4","0","0","0","0","0","36","[{""boxes"":[0,1,2,3,4,5,6,7,8,9,10,11,12,13,14,15],""length"":16,""exteriorPorts"":14,""type"":""unclassified""}]","{""estimate"":0,""exact"":false,""requestedDepth"":2,""nodes"":1,""nodeBudget"":54,""cacheHits"":0,""cutoffs"":36}","0.17508300000000077","false","","","local"
"60af0697-8368-4c75-b9a4-c206734b242d","672fad75-7a90-45b2-a8e7-e8e43e62f39f","33","D3–D4","0","0","0","0","0","36","[{""boxes"":[0,1,2,3,4,5,6,7,8,9,10,11,12,13,14,15],""length"":16,""exteriorPorts"":14,""type"":""unclassified""}]","{""estimate"":0,""exact"":false,""requestedDepth"":2,""nodes"":1,""nodeBudget"":54,""cacheHits"":0,""cutoffs"":36}","0.18029099999999687","false","","","local"
"60af0697-8368-4c75-b9a4-c206734b242d","672fad75-7a90-45b2-a8e7-e8e43e62f39f","34","E3–E4","0","0","0","0","0","36","[{""boxes"":[0,1,2,3,4,5,6,7,8,9,10,11,12,13,14,15],""length"":16,""exteriorPorts"":13,""type"":""unclassified""}]","{""estimate"":0,""exact"":false,""requestedDepth"":2,""nodes"":1,""nodeBudget"":54,""cacheHits"":0,""cutoffs"":36}","0.17589499999999703","false","","","local"
"60af0697-8368-4c75-b9a4-c206734b242d","672fad75-7a90-45b2-a8e7-e8e43e62f39f","35","A4–A5","0","0","0","0","0","34","[{""boxes"":[0,1,2,3,4,5,6,7,8,9,10,11,12,13,14,15],""length"":16,""exteriorPorts"":13,""type"":""unclassified""}]","{""estimate"":0,""exact"":false,""requestedDepth"":2,""nodes"":1,""nodeBudget"":54,""cacheHits"":0,""cutoffs"":36}","0.36852399999999363","false","","","local"
"60af0697-8368-4c75-b9a4-c206734b242d","672fad75-7a90-45b2-a8e7-e8e43e62f39f","36","B4–B5","0","0","0","0","0","34","[{""boxes"":[0,1,2,3,4,5,6,7,8,9,10,11,12,13,14,15],""length"":16,""exteriorPorts"":14,""type"":""unclassified""}]","{""estimate"":0,""exact"":false,""requestedDepth"":2,""nodes"":1,""nodeBudget"":54,""cacheHits"":0,""cutoffs"":36}","0.22136300000001086","false","","","local"
"60af0697-8368-4c75-b9a4-c206734b242d","672fad75-7a90-45b2-a8e7-e8e43e62f39f","37","C4–C5","0","0","0","0","0","36","[{""boxes"":[0,1,2,3,4,5,6,7,8,9,10,11,12,13,14,15],""length"":16,""exteriorPorts"":14,""type"":""unclassified""}]","{""estimate"":0,""exact"":false,""requestedDepth"":2,""nodes"":1,""nodeBudget"":54,""cacheHits"":0,""cutoffs"":36}","0.21673599999999738","false","","","local"
"60af0697-8368-4c75-b9a4-c206734b242d","672fad75-7a90-45b2-a8e7-e8e43e62f39f","38","D4–D5","0","0","0","0","0","36","[{""boxes"":[0,1,2,3,4,5,6,7,8,9,10,11,12,13,14,15],""length"":16,""exteriorPorts"":14,""type"":""unclassified""}]","{""estimate"":0,""exact"":false,""requestedDepth"":2,""nodes"":1,""nodeBudget"":54,""cacheHits"":0,""cutoffs"":36}","0.22150299999999845","false","","","local"
"60af0697-8368-4c75-b9a4-c206734b242d","672fad75-7a90-45b2-a8e7-e8e43e62f39f","39","E4–E5","0","0","0","0","0","36","[{""boxes"":[0,1,2,3,4,5,6,7,8,9,10,11,12,13,14,15],""length"":16,""exteriorPorts"":13,""type"":""unclassified""}]","{""estimate"":0,""exact"":false,""requestedDepth"":2,""nodes"":1,""nodeBudget"":54,""cacheHits"":0,""cutoffs"":36}","0.18844299999999237","false","","","local"
"60af0697-8368-4c75-b9a4-c206734b242d","2d54c8c3-c282-4ec2-aeaf-37cef168e40e","2","C1–D1","0","0","0","0","0","34","[{""boxes"":[0,1,2,3,4,5,6,7,8,9,10,11,12,13,14,15],""length"":16,""exteriorPorts"":11,""type"":""unclassified""}]","{""estimate"":0,""exact"":false,""requestedDepth"":2,""nodes"":1,""nodeBudget"":57,""cacheHits"":0,""cutoffs"":34}","0.18731199999999149","true","","","local"
"60af0697-8368-4c75-b9a4-c206734b242d","2d54c8c3-c282-4ec2-aeaf-37cef168e40e","3","D1–E1","0","0","0","0","0","34","[{""boxes"":[0,1,2,3,4,5,6,7,8,9,10,11,12,13,14,15],""length"":16,""exteriorPorts"":11,""type"":""unclassified""}]","{""estimate"":0,""exact"":false,""requestedDepth"":2,""nodes"":1,""nodeBudget"":57,""cacheHits"":0,""cutoffs"":34}","0.17267000000001076","false","","","local"
"60af0697-8368-4c75-b9a4-c206734b242d","2d54c8c3-c282-4ec2-aeaf-37cef168e40e","4","A2–B2","0","0","0","0","0","30","[{""boxes"":[0,1,2,3,4,5,6,7,8,9,10,11,12,13,14,15],""length"":16,""exteriorPorts"":12,""type"":""unclassified""}]","{""estimate"":0,""exact"":false,""requestedDepth"":2,""nodes"":1,""nodeBudget"":57,""cacheHits"":0,""cutoffs"":34}","0.26315600000000927","false","","","local"
"60af0697-8368-4c75-b9a4-c206734b242d","2d54c8c3-c282-4ec2-aeaf-37cef168e40e","5","B2–C2","0","0","0","0","0","32","[{""boxes"":[0,1,2,3,4,5,6,7,8,9,10,11,12,13,14,15],""length"":16,""exteriorPorts"":12,""type"":""unclassified""}]","{""estimate"":0,""exact"":false,""requestedDepth"":2,""nodes"":1,""nodeBudget"":57,""cacheHits"":0,""cutoffs"":34}","0.2509470000000107","false","","","local"
"60af0697-8368-4c75-b9a4-c206734b242d","2d54c8c3-c282-4ec2-aeaf-37cef168e40e","6","C2–D2","0","0","0","0","0","34","[{""boxes"":[0,1,2,3,4,5,6,7,8,9,10,11,12,13,14,15],""length"":16,""exteriorPorts"":12,""type"":""unclassified""}]","{""estimate"":0,""exact"":false,""requestedDepth"":2,""nodes"":1,""nodeBudget"":57,""cacheHits"":0,""cutoffs"":34}","0.17210799999999438","false","","","local"
"60af0697-8368-4c75-b9a4-c206734b242d","2d54c8c3-c282-4ec2-aeaf-37cef168e40e","7","D2–E2","0","0","0","0","0","32","[{""boxes"":[0,1,2,3,4,5,6,7,8,9,10,11,12,13,14,15],""length"":16,""exteriorPorts"":12,""type"":""unclassified""}]","{""estimate"":0,""exact"":false,""requestedDepth"":2,""nodes"":1,""nodeBudget"":57,""cacheHits"":0,""cutoffs"":34}","0.3311169999999919","false","","","local"
"60af0697-8368-4c75-b9a4-c206734b242d","2d54c8c3-c282-4ec2-aeaf-37cef168e40e","9","B3–C3","0","0","0","0","0","34","[{""boxes"":[0,1,2,3,4,5,6,7,8,9,10,11,12,13,14,15],""length"":16,""exteriorPorts"":12,""type"":""unclassified""}]","{""estimate"":0,""exact"":false,""requestedDepth"":2,""nodes"":1,""nodeBudget"":57,""cacheHits"":0,""cutoffs"":34}","0.1781780000000026","false","","","local"
"60af0697-8368-4c75-b9a4-c206734b242d","2d54c8c3-c282-4ec2-aeaf-37cef168e40e","10","C3–D3","0","0","0","0","0","34","[{""boxes"":[0,1,2,3,4,5,6,7,8,9,10,11,12,13,14,15],""length"":16,""exteriorPorts"":12,""type"":""unclassified""}]","{""estimate"":0,""exact"":false,""requestedDepth"":2,""nodes"":1,""nodeBudget"":57,""cacheHits"":0,""cutoffs"":34}","0.15735700000000463","false","","","local"
"60af0697-8368-4c75-b9a4-c206734b242d","2d54c8c3-c282-4ec2-aeaf-37cef168e40e","11","D3–E3","0","0","0","0","0","32","[{""boxes"":[0,1,2,3,4,5,6,7,8,9,10,11,12,13,14,15],""length"":16,""exteriorPorts"":12,""type"":""unclassified""}]","{""estimate"":0,""exact"":false,""requestedDepth"":2,""nodes"":1,""nodeBudget"":57,""cacheHits"":0,""cutoffs"":34}","0.476066000000003","false","","","local"
"60af0697-8368-4c75-b9a4-c206734b242d","2d54c8c3-c282-4ec2-aeaf-37cef168e40e","12","A4–B4","0","0","0","0","0","30","[{""boxes"":[0,1,2,3,4,5,6,7,8,9,10,11,12,13,14,15],""length"":16,""exteriorPorts"":12,""type"":""unclassified""}]","{""estimate"":0,""exact"":false,""requestedDepth"":2,""nodes"":1,""nodeBudget"":57,""cacheHits"":0,""cutoffs"":34}","0.3506969999999967","false","","","local"
"60af0697-8368-4c75-b9a4-c206734b242d","2d54c8c3-c282-4ec2-aeaf-37cef168e40e","13","B4–C4","0","0","0","0","0","34","[{""boxes"":[0,1,2,3,4,5,6,7,8,9,10,11,12,13,14,15],""length"":16,""exteriorPorts"":12,""type"":""unclassified""}]","{""estimate"":0,""exact"":false,""requestedDepth"":2,""nodes"":1,""nodeBudget"":57,""cacheHits"":0,""cutoffs"":34}","0.21264999999999645","false","","","local"
"60af0697-8368-4c75-b9a4-c206734b242d","2d54c8c3-c282-4ec2-aeaf-37cef168e40e","14","C4–D4","0","0","0","0","0","34","[{""boxes"":[0,1,2,3,4,5,6,7,8,9,10,11,12,13,14,15],""length"":16,""exteriorPorts"":12,""type"":""unclassified""}]","{""estimate"":0,""exact"":false,""requestedDepth"":2,""nodes"":1,""nodeBudget"":57,""cacheHits"":0,""cutoffs"":34}","0.268494000000004","false","","","local"
"60af0697-8368-4c75-b9a4-c206734b242d","2d54c8c3-c282-4ec2-aeaf-37cef168e40e","15","D4–E4","0","0","0","0","0","34","[{""boxes"":[0,1,2,3,4,5,6,7,8,9,10,11,12,13,14,15],""length"":16,""exteriorPorts"":12,""type"":""unclassified""}]","{""estimate"":0,""exact"":false,""requestedDepth"":2,""nodes"":1,""nodeBudget"":57,""cacheHits"":0,""cutoffs"":34}","0.2705260000000038","false","","","local"
"60af0697-8368-4c75-b9a4-c206734b242d","2d54c8c3-c282-4ec2-aeaf-37cef168e40e","17","B5–C5","0","0","0","0","0","34","[{""boxes"":[0,1,2,3,4,5,6,7,8,9,10,11,12,13,14,15],""length"":16,""exteriorPorts"":11,""type"":""unclassified""}]","{""estimate"":0,""exact"":false,""requestedDepth"":2,""nodes"":1,""nodeBudget"":57,""cacheHits"":0,""cutoffs"":34}","0.3507680000000022","false","","","local"
"60af0697-8368-4c75-b9a4-c206734b242d","2d54c8c3-c282-4ec2-aeaf-37cef168e40e","18","C5–D5","0","0","0","0","0","34","[{""boxes"":[0,1,2,3,4,5,6,7,8,9,10,11,12,13,14,15],""length"":16,""exteriorPorts"":11,""type"":""unclassified""}]","{""estimate"":0,""exact"":false,""requestedDepth"":2,""nodes"":1,""nodeBudget"":57,""cacheHits"":0,""cutoffs"":34}","0.29604500000000655","false","","","local"
"60af0697-8368-4c75-b9a4-c206734b242d","2d54c8c3-c282-4ec2-aeaf-37cef168e40e","19","D5–E5","0","0","0","0","0","34","[{""boxes"":[0,1,2,3,4,5,6,7,8,9,10,11,12,13,14,15],""length"":16,""exteriorPorts"":11,""type"":""unclassified""}]","{""estimate"":0,""exact"":false,""requestedDepth"":2,""nodes"":1,""nodeBudget"":57,""cacheHits"":0,""cutoffs"":34}","0.2689540000000079","false","","","local"
"60af0697-8368-4c75-b9a4-c206734b242d","2d54c8c3-c282-4ec2-aeaf-37cef168e40e","20","A1–A2","0","0","0","0","0","32","[{""boxes"":[0,1,2,3,4,5,6,7,8,9,10,11,12,13,14,15],""length"":16,""exteriorPorts"":11,""type"":""unclassified""}]","{""estimate"":0,""exact"":false,""requestedDepth"":2,""nodes"":1,""nodeBudget"":57,""cacheHits"":0,""cutoffs"":34}","0.33893000000000484","false","","","local"
"60af0697-8368-4c75-b9a4-c206734b242d","2d54c8c3-c282-4ec2-aeaf-37cef168e40e","21","B1–B2","0","0","0","0","0","30","[{""boxes"":[0,1,2,3,4,5,6,7,8,9,10,11,12,13,14,15],""length"":16,""exteriorPorts"":12,""type"":""unclassified""}]","{""estimate"":0,""exact"":false,""requestedDepth"":2,""nodes"":1,""nodeBudget"":57,""cacheHits"":0,""cutoffs"":34}","0.3646980000000042","false","","","local"
"60af0697-8368-4c75-b9a4-c206734b242d","2d54c8c3-c282-4ec2-aeaf-37cef168e40e","22","C1–C2","0","0","0","0","0","32","[{""boxes"":[0,1,2,3,4,5,6,7,8,9,10,11,12,13,14,15],""length"":16,""exteriorPorts"":12,""type"":""unclassified""}]","{""estimate"":0,""exact"":false,""requestedDepth"":2,""nodes"":1,""nodeBudget"":57,""cacheHits"":0,""cutoffs"":34}","0.6044589999999914","false","","","local"
"60af0697-8368-4c75-b9a4-c206734b242d","2d54c8c3-c282-4ec2-aeaf-37cef168e40e","23","D1–D2","0","0","0","0","0","34","[{""boxes"":[0,1,2,3,4,5,6,7,8,9,10,11,12,13,14,15],""length"":16,""exteriorPorts"":12,""type"":""unclassified""}]","{""estimate"":0,""exact"":false,""requestedDepth"":2,""nodes"":1,""nodeBudget"":57,""cacheHits"":0,""cutoffs"":34}","0.15849799999999448","false","","","local"
"60af0697-8368-4c75-b9a4-c206734b242d","2d54c8c3-c282-4ec2-aeaf-37cef168e40e","24","E1–E2","0","0","0","0","0","34","[{""boxes"":[0,1,2,3,4,5,6,7,8,9,10,11,12,13,14,15],""length"":16,""exteriorPorts"":11,""type"":""unclassified""}]","{""estimate"":0,""exact"":false,""requestedDepth"":2,""nodes"":1,""nodeBudget"":57,""cacheHits"":0,""cutoffs"":34}","0.1496450000000067","false","","","local"
"60af0697-8368-4c75-b9a4-c206734b242d","2d54c8c3-c282-4ec2-aeaf-37cef168e40e","25","A2–A3","0","0","0","0","0","32","[{""boxes"":[0,1,2,3,4,5,6,7,8,9,10,11,12,13,14,15],""length"":16,""exteriorPorts"":11,""type"":""unclassified""}]","{""estimate"":0,""exact"":false,""requestedDepth"":2,""nodes"":1,""nodeBudget"":57,""cacheHits"":0,""cutoffs"":34}","0.17577399999998988","false","","","local"
"60af0697-8368-4c75-b9a4-c206734b242d","2d54c8c3-c282-4ec2-aeaf-37cef168e40e","26","B2–B3","0","0","0","0","0","32","[{""boxes"":[0,1,2,3,4,5,6,7,8,9,10,11,12,13,14,15],""length"":16,""exteriorPorts"":12,""type"":""unclassified""}]","{""estimate"":0,""exact"":false,""requestedDepth"":2,""nodes"":1,""nodeBudget"":57,""cacheHits"":0,""cutoffs"":34}","0.17549400000000048","false","","","local"
"60af0697-8368-4c75-b9a4-c206734b242d","2d54c8c3-c282-4ec2-aeaf-37cef168e40e","27","C2–C3","0","0","0","0","0","34","[{""boxes"":[0,1,2,3,4,5,6,7,8,9,10,11,12,13,14,15],""length"":16,""exteriorPorts"":12,""type"":""unclassified""}]","{""estimate"":0,""exact"":false,""requestedDepth"":2,""nodes"":1,""nodeBudget"":57,""cacheHits"":0,""cutoffs"":34}","0.21764800000001117","false","","","local"
"60af0697-8368-4c75-b9a4-c206734b242d","2d54c8c3-c282-4ec2-aeaf-37cef168e40e","28","D2–D3","0","0","0","0","0","32","[{""boxes"":[0,1,2,3,4,5,6,7,8,9,10,11,12,13,14,15],""length"":16,""exteriorPorts"":12,""type"":""unclassified""}]","{""estimate"":0,""exact"":false,""requestedDepth"":2,""nodes"":1,""nodeBudget"":57,""cacheHits"":0,""cutoffs"":34}","0.20195299999998895","false","","","local"
"60af0697-8368-4c75-b9a4-c206734b242d","2d54c8c3-c282-4ec2-aeaf-37cef168e40e","30","A3–A4","0","0","0","0","0","32","[{""boxes"":[0,1,2,3,4,5,6,7,8,9,10,11,12,13,14,15],""length"":16,""exteriorPorts"":11,""type"":""unclassified""}]","{""estimate"":0,""exact"":false,""requestedDepth"":2,""nodes"":1,""nodeBudget"":57,""cacheHits"":0,""cutoffs"":34}","0.29743700000000217","false","","","local"
"60af0697-8368-4c75-b9a4-c206734b242d","2d54c8c3-c282-4ec2-aeaf-37cef168e40e","31","B3–B4","0","0","0","0","0","32","[{""boxes"":[0,1,2,3,4,5,6,7,8,9,10,11,12,13,14,15],""length"":16,""exteriorPorts"":12,""type"":""unclassified""}]","{""estimate"":0,""exact"":false,""requestedDepth"":2,""nodes"":1,""nodeBudget"":57,""cacheHits"":0,""cutoffs"":34}","0.44476900000000796","false","","","local"
"60af0697-8368-4c75-b9a4-c206734b242d","2d54c8c3-c282-4ec2-aeaf-37cef168e40e","32","C3–C4","0","0","0","0","0","34","[{""boxes"":[0,1,2,3,4,5,6,7,8,9,10,11,12,13,14,15],""length"":16,""exteriorPorts"":12,""type"":""unclassified""}]","{""estimate"":0,""exact"":false,""requestedDepth"":2,""nodes"":1,""nodeBudget"":57,""cacheHits"":0,""cutoffs"":34}","0.5416039999999924","false","","","local"
"60af0697-8368-4c75-b9a4-c206734b242d","2d54c8c3-c282-4ec2-aeaf-37cef168e40e","33","D3–D4","0","0","0","0","0","34","[{""boxes"":[0,1,2,3,4,5,6,7,8,9,10,11,12,13,14,15],""length"":16,""exteriorPorts"":12,""type"":""unclassified""}]","{""estimate"":0,""exact"":false,""requestedDepth"":2,""nodes"":1,""nodeBudget"":57,""cacheHits"":0,""cutoffs"":34}","0.16827299999999923","false","","","local"
"60af0697-8368-4c75-b9a4-c206734b242d","2d54c8c3-c282-4ec2-aeaf-37cef168e40e","34","E3–E4","0","0","0","0","0","34","[{""boxes"":[0,1,2,3,4,5,6,7,8,9,10,11,12,13,14,15],""length"":16,""exteriorPorts"":11,""type"":""unclassified""}]","{""estimate"":0,""exact"":false,""requestedDepth"":2,""nodes"":1,""nodeBudget"":57,""cacheHits"":0,""cutoffs"":34}","0.15525399999999934","false","","","local"
"60af0697-8368-4c75-b9a4-c206734b242d","2d54c8c3-c282-4ec2-aeaf-37cef168e40e","35","A4–A5","0","0","0","0","0","32","[{""boxes"":[0,1,2,3,4,5,6,7,8,9,10,11,12,13,14,15],""length"":16,""exteriorPorts"":11,""type"":""unclassified""}]","{""estimate"":0,""exact"":false,""requestedDepth"":2,""nodes"":1,""nodeBudget"":57,""cacheHits"":0,""cutoffs"":34}","0.17925900000000183","false","","","local"
"60af0697-8368-4c75-b9a4-c206734b242d","2d54c8c3-c282-4ec2-aeaf-37cef168e40e","36","B4–B5","0","0","0","0","0","32","[{""boxes"":[0,1,2,3,4,5,6,7,8,9,10,11,12,13,14,15],""length"":16,""exteriorPorts"":12,""type"":""unclassified""}]","{""estimate"":0,""exact"":false,""requestedDepth"":2,""nodes"":1,""nodeBudget"":57,""cacheHits"":0,""cutoffs"":34}","0.21103800000000206","false","","","local"
"60af0697-8368-4c75-b9a4-c206734b242d","2d54c8c3-c282-4ec2-aeaf-37cef168e40e","37","C4–C5","0","0","0","0","0","34","[{""boxes"":[0,1,2,3,4,5,6,7,8,9,10,11,12,13,14,15],""length"":16,""exteriorPorts"":12,""type"":""unclassified""}]","{""estimate"":0,""exact"":false,""requestedDepth"":2,""nodes"":1,""nodeBudget"":57,""cacheHits"":0,""cutoffs"":34}","0.15264999999999418","false","","","local"
"60af0697-8368-4c75-b9a4-c206734b242d","2d54c8c3-c282-4ec2-aeaf-37cef168e40e","38","D4–D5","0","0","0","0","0","34","[{""boxes"":[0,1,2,3,4,5,6,7,8,9,10,11,12,13,14,15],""length"":16,""exteriorPorts"":12,""type"":""unclassified""}]","{""estimate"":0,""exact"":false,""requestedDepth"":2,""nodes"":1,""nodeBudget"":57,""cacheHits"":0,""cutoffs"":34}","0.2269810000000092","false","","","local"
"60af0697-8368-4c75-b9a4-c206734b242d","2d54c8c3-c282-4ec2-aeaf-37cef168e40e","39","E4–E5","0","0","0","0","0","34","[{""boxes"":[0,1,2,3,4,5,6,7,8,9,10,11,12,13,14,15],""length"":16,""exteriorPorts"":11,""type"":""unclassified""}]","{""estimate"":0,""exact"":false,""requestedDepth"":2,""nodes"":1,""nodeBudget"":57,""cacheHits"":0,""cutoffs"":34}","0.15417200000000264","false","","","local"
"60af0697-8368-4c75-b9a4-c206734b242d","23aa7f1d-b955-4579-acd0-1f4ee6f2d55e","3","D1–E1","0","0","0","0","0","32","[{""boxes"":[0,1,2,3,4,5,6,7,8,9,10,11,12,13,14,15],""length"":16,""exteriorPorts"":9,""type"":""unclassified""}]","{""estimate"":0,""exact"":false,""requestedDepth"":2,""nodes"":1,""nodeBudget"":60,""cacheHits"":0,""cutoffs"":32}","0.35883000000001175","true","","","local"
"60af0697-8368-4c75-b9a4-c206734b242d","23aa7f1d-b955-4579-acd0-1f4ee6f2d55e","4","A2–B2","0","0","0","0","0","28","[{""boxes"":[0,1,2,3,4,5,6,7,8,9,10,11,12,13,14,15],""length"":16,""exteriorPorts"":10,""type"":""unclassified""}]","{""estimate"":0,""exact"":false,""requestedDepth"":2,""nodes"":1,""nodeBudget"":60,""cacheHits"":0,""cutoffs"":32}","0.21483299999999872","false","","","local"
"60af0697-8368-4c75-b9a4-c206734b242d","23aa7f1d-b955-4579-acd0-1f4ee6f2d55e","5","B2–C2","0","0","0","0","0","30","[{""boxes"":[0,1,2,3,4,5,6,7,8,9,10,11,12,13,14,15],""length"":16,""exteriorPorts"":10,""type"":""unclassified""}]","{""estimate"":0,""exact"":false,""requestedDepth"":2,""nodes"":1,""nodeBudget"":60,""cacheHits"":0,""cutoffs"":32}","0.17704700000000173","false","","","local"
"60af0697-8368-4c75-b9a4-c206734b242d","23aa7f1d-b955-4579-acd0-1f4ee6f2d55e","6","C2–D2","0","0","0","0","0","30","[{""boxes"":[0,1,2,3,4,5,6,7,8,9,10,11,12,13,14,15],""length"":16,""exteriorPorts"":10,""type"":""unclassified""}]","{""estimate"":0,""exact"":false,""requestedDepth"":2,""nodes"":1,""nodeBudget"":60,""cacheHits"":0,""cutoffs"":32}","0.17399199999999837","false","","","local"
"60af0697-8368-4c75-b9a4-c206734b242d","23aa7f1d-b955-4579-acd0-1f4ee6f2d55e","7","D2–E2","0","0","0","0","0","30","[{""boxes"":[0,1,2,3,4,5,6,7,8,9,10,11,12,13,14,15],""length"":16,""exteriorPorts"":10,""type"":""unclassified""}]","{""estimate"":0,""exact"":false,""requestedDepth"":2,""nodes"":1,""nodeBudget"":60,""cacheHits"":0,""cutoffs"":32}","0.21219899999999825","false","","","local"
"60af0697-8368-4c75-b9a4-c206734b242d","23aa7f1d-b955-4579-acd0-1f4ee6f2d55e","9","B3–C3","0","0","0","0","0","32","[{""boxes"":[0,1,2,3,4,5,6,7,8,9,10,11,12,13,14,15],""length"":16,""exteriorPorts"":10,""type"":""unclassified""}]","{""estimate"":0,""exact"":false,""requestedDepth"":2,""nodes"":1,""nodeBudget"":60,""cacheHits"":0,""cutoffs"":32}","0.1970060000000018","false","","","local"
"60af0697-8368-4c75-b9a4-c206734b242d","23aa7f1d-b955-4579-acd0-1f4ee6f2d55e","10","C3–D3","0","0","0","0","0","32","[{""boxes"":[0,1,2,3,4,5,6,7,8,9,10,11,12,13,14,15],""length"":16,""exteriorPorts"":10,""type"":""unclassified""}]","{""estimate"":0,""exact"":false,""requestedDepth"":2,""nodes"":1,""nodeBudget"":60,""cacheHits"":0,""cutoffs"":32}","0.1593989999999934","false","","","local"
"60af0697-8368-4c75-b9a4-c206734b242d","23aa7f1d-b955-4579-acd0-1f4ee6f2d55e","11","D3–E3","0","0","0","0","0","30","[{""boxes"":[0,1,2,3,4,5,6,7,8,9,10,11,12,13,14,15],""length"":16,""exteriorPorts"":10,""type"":""unclassified""}]","{""estimate"":0,""exact"":false,""requestedDepth"":2,""nodes"":1,""nodeBudget"":60,""cacheHits"":0,""cutoffs"":32}","0.17454200000000242","false","","","local"
"60af0697-8368-4c75-b9a4-c206734b242d","23aa7f1d-b955-4579-acd0-1f4ee6f2d55e","12","A4–B4","0","0","0","0","0","28","[{""boxes"":[0,1,2,3,4,5,6,7,8,9,10,11,12,13,14,15],""length"":16,""exteriorPorts"":10,""type"":""unclassified""}]","{""estimate"":0,""exact"":false,""requestedDepth"":2,""nodes"":1,""nodeBudget"":60,""cacheHits"":0,""cutoffs"":32}","0.4237269999999995","false","","","local"
"60af0697-8368-4c75-b9a4-c206734b242d","23aa7f1d-b955-4579-acd0-1f4ee6f2d55e","13","B4–C4","0","0","0","0","0","30","[{""boxes"":[0,1,2,3,4,5,6,7,8,9,10,11,12,13,14,15],""length"":16,""exteriorPorts"":10,""type"":""unclassified""}]","{""estimate"":0,""exact"":false,""requestedDepth"":2,""nodes"":1,""nodeBudget"":60,""cacheHits"":0,""cutoffs"":32}","0.17341999999999302","false","","","local"
"60af0697-8368-4c75-b9a4-c206734b242d","23aa7f1d-b955-4579-acd0-1f4ee6f2d55e","14","C4–D4","0","0","0","0","0","32","[{""boxes"":[0,1,2,3,4,5,6,7,8,9,10,11,12,13,14,15],""length"":16,""exteriorPorts"":10,""type"":""unclassified""}]","{""estimate"":0,""exact"":false,""requestedDepth"":2,""nodes"":1,""nodeBudget"":60,""cacheHits"":0,""cutoffs"":32}","0.14289500000001","false","","","local"
"60af0697-8368-4c75-b9a4-c206734b242d","23aa7f1d-b955-4579-acd0-1f4ee6f2d55e","15","D4–E4","0","0","0","0","0","32","[{""boxes"":[0,1,2,3,4,5,6,7,8,9,10,11,12,13,14,15],""length"":16,""exteriorPorts"":10,""type"":""unclassified""}]","{""estimate"":0,""exact"":false,""requestedDepth"":2,""nodes"":1,""nodeBudget"":60,""cacheHits"":0,""cutoffs"":32}","0.1404810000000083","false","","","local"
"60af0697-8368-4c75-b9a4-c206734b242d","23aa7f1d-b955-4579-acd0-1f4ee6f2d55e","18","C5–D5","0","0","0","0","0","32","[{""boxes"":[0,1,2,3,4,5,6,7,8,9,10,11,12,13,14,15],""length"":16,""exteriorPorts"":9,""type"":""unclassified""}]","{""estimate"":0,""exact"":false,""requestedDepth"":2,""nodes"":1,""nodeBudget"":60,""cacheHits"":0,""cutoffs"":32}","0.13978999999999075","false","","","local"
"60af0697-8368-4c75-b9a4-c206734b242d","23aa7f1d-b955-4579-acd0-1f4ee6f2d55e","19","D5–E5","0","0","0","0","0","32","[{""boxes"":[0,1,2,3,4,5,6,7,8,9,10,11,12,13,14,15],""length"":16,""exteriorPorts"":9,""type"":""unclassified""}]","{""estimate"":0,""exact"":false,""requestedDepth"":2,""nodes"":1,""nodeBudget"":60,""cacheHits"":0,""cutoffs"":32}","0.1404009999999971","false","","","local"
"60af0697-8368-4c75-b9a4-c206734b242d","23aa7f1d-b955-4579-acd0-1f4ee6f2d55e","20","A1–A2","0","0","0","0","0","30","[{""boxes"":[0,1,2,3,4,5,6,7,8,9,10,11,12,13,14,15],""length"":16,""exteriorPorts"":9,""type"":""unclassified""}]","{""estimate"":0,""exact"":false,""requestedDepth"":2,""nodes"":1,""nodeBudget"":60,""cacheHits"":0,""cutoffs"":32}","0.1809520000000049","false","","","local"
"60af0697-8368-4c75-b9a4-c206734b242d","23aa7f1d-b955-4579-acd0-1f4ee6f2d55e","21","B1–B2","0","0","0","0","0","28","[{""boxes"":[0,1,2,3,4,5,6,7,8,9,10,11,12,13,14,15],""length"":16,""exteriorPorts"":10,""type"":""unclassified""}]","{""estimate"":0,""exact"":false,""requestedDepth"":2,""nodes"":1,""nodeBudget"":60,""cacheHits"":0,""cutoffs"":32}","0.18997599999998727","false","","","local"
"60af0697-8368-4c75-b9a4-c206734b242d","23aa7f1d-b955-4579-acd0-1f4ee6f2d55e","22","C1–C2","0","0","0","0","0","28","[{""boxes"":[0,1,2,3,4,5,6,7,8,9,10,11,12,13,14,15],""length"":16,""exteriorPorts"":10,""type"":""unclassified""}]","{""estimate"":0,""exact"":false,""requestedDepth"":2,""nodes"":1,""nodeBudget"":60,""cacheHits"":0,""cutoffs"":32}","0.33066800000000285","false","","","local"
"60af0697-8368-4c75-b9a4-c206734b242d","23aa7f1d-b955-4579-acd0-1f4ee6f2d55e","23","D1–D2","0","0","0","0","0","30","[{""boxes"":[0,1,2,3,4,5,6,7,8,9,10,11,12,13,14,15],""length"":16,""exteriorPorts"":10,""type"":""unclassified""}]","{""estimate"":0,""exact"":false,""requestedDepth"":2,""nodes"":1,""nodeBudget"":60,""cacheHits"":0,""cutoffs"":32}","0.30324600000000146","false","","","local"
"60af0697-8368-4c75-b9a4-c206734b242d","23aa7f1d-b955-4579-acd0-1f4ee6f2d55e","24","E1–E2","0","0","0","0","0","32","[{""boxes"":[0,1,2,3,4,5,6,7,8,9,10,11,12,13,14,15],""length"":16,""exteriorPorts"":9,""type"":""unclassified""}]","{""estimate"":0,""exact"":false,""requestedDepth"":2,""nodes"":1,""nodeBudget"":60,""cacheHits"":0,""cutoffs"":32}","0.5249789999999876","false","","","local"
"60af0697-8368-4c75-b9a4-c206734b242d","23aa7f1d-b955-4579-acd0-1f4ee6f2d55e","25","A2–A3","0","0","0","0","0","30","[{""boxes"":[0,1,2,3,4,5,6,7,8,9,10,11,12,13,14,15],""length"":16,""exteriorPorts"":9,""type"":""unclassified""}]","{""estimate"":0,""exact"":false,""requestedDepth"":2,""nodes"":1,""nodeBudget"":60,""cacheHits"":0,""cutoffs"":32}","0.34683199999999204","false","","","local"
"60af0697-8368-4c75-b9a4-c206734b242d","23aa7f1d-b955-4579-acd0-1f4ee6f2d55e","26","B2–B3","0","0","0","0","0","30","[{""boxes"":[0,1,2,3,4,5,6,7,8,9,10,11,12,13,14,15],""length"":16,""exteriorPorts"":10,""type"":""unclassified""}]","{""estimate"":0,""exact"":false,""requestedDepth"":2,""nodes"":1,""nodeBudget"":60,""cacheHits"":0,""cutoffs"":32}","0.3837469999999996","false","","","local"
"60af0697-8368-4c75-b9a4-c206734b242d","23aa7f1d-b955-4579-acd0-1f4ee6f2d55e","27","C2–C3","0","0","0","0","0","32","[{""boxes"":[0,1,2,3,4,5,6,7,8,9,10,11,12,13,14,15],""length"":16,""exteriorPorts"":10,""type"":""unclassified""}]","{""estimate"":0,""exact"":false,""requestedDepth"":2,""nodes"":1,""nodeBudget"":60,""cacheHits"":0,""cutoffs"":32}","0.2215229999999906","false","","","local"
"60af0697-8368-4c75-b9a4-c206734b242d","23aa7f1d-b955-4579-acd0-1f4ee6f2d55e","28","D2–D3","0","0","0","0","0","30","[{""boxes"":[0,1,2,3,4,5,6,7,8,9,10,11,12,13,14,15],""length"":16,""exteriorPorts"":10,""type"":""unclassified""}]","{""estimate"":0,""exact"":false,""requestedDepth"":2,""nodes"":1,""nodeBudget"":60,""cacheHits"":0,""cutoffs"":32}","0.18062099999998793","false","","","local"
"60af0697-8368-4c75-b9a4-c206734b242d","23aa7f1d-b955-4579-acd0-1f4ee6f2d55e","30","A3–A4","0","0","0","0","0","30","[{""boxes"":[0,1,2,3,4,5,6,7,8,9,10,11,12,13,14,15],""length"":16,""exteriorPorts"":9,""type"":""unclassified""}]","{""estimate"":0,""exact"":false,""requestedDepth"":2,""nodes"":1,""nodeBudget"":60,""cacheHits"":0,""cutoffs"":32}","0.17371099999999728","false","","","local"
"60af0697-8368-4c75-b9a4-c206734b242d","23aa7f1d-b955-4579-acd0-1f4ee6f2d55e","31","B3–B4","0","0","0","0","0","30","[{""boxes"":[0,1,2,3,4,5,6,7,8,9,10,11,12,13,14,15],""length"":16,""exteriorPorts"":10,""type"":""unclassified""}]","{""estimate"":0,""exact"":false,""requestedDepth"":2,""nodes"":1,""nodeBudget"":60,""cacheHits"":0,""cutoffs"":32}","0.16491800000000012","false","","","local"
"60af0697-8368-4c75-b9a4-c206734b242d","23aa7f1d-b955-4579-acd0-1f4ee6f2d55e","32","C3–C4","0","0","0","0","0","32","[{""boxes"":[0,1,2,3,4,5,6,7,8,9,10,11,12,13,14,15],""length"":16,""exteriorPorts"":10,""type"":""unclassified""}]","{""estimate"":0,""exact"":false,""requestedDepth"":2,""nodes"":1,""nodeBudget"":60,""cacheHits"":0,""cutoffs"":32}","0.17316000000000997","false","","","local"
"60af0697-8368-4c75-b9a4-c206734b242d","23aa7f1d-b955-4579-acd0-1f4ee6f2d55e","33","D3–D4","0","0","0","0","0","32","[{""boxes"":[0,1,2,3,4,5,6,7,8,9,10,11,12,13,14,15],""length"":16,""exteriorPorts"":10,""type"":""unclassified""}]","{""estimate"":0,""exact"":false,""requestedDepth"":2,""nodes"":1,""nodeBudget"":60,""cacheHits"":0,""cutoffs"":32}","0.14868299999999124","false","","","local"
"60af0697-8368-4c75-b9a4-c206734b242d","23aa7f1d-b955-4579-acd0-1f4ee6f2d55e","34","E3–E4","0","0","0","0","0","32","[{""boxes"":[0,1,2,3,4,5,6,7,8,9,10,11,12,13,14,15],""length"":16,""exteriorPorts"":9,""type"":""unclassified""}]","{""estimate"":0,""exact"":false,""requestedDepth"":2,""nodes"":1,""nodeBudget"":60,""cacheHits"":0,""cutoffs"":32}","0.14113200000001314","false","","","local"
"60af0697-8368-4c75-b9a4-c206734b242d","23aa7f1d-b955-4579-acd0-1f4ee6f2d55e","35","A4–A5","0","0","0","0","0","30","[{""boxes"":[0,1,2,3,4,5,6,7,8,9,10,11,12,13,14,15],""length"":16,""exteriorPorts"":9,""type"":""unclassified""}]","{""estimate"":0,""exact"":false,""requestedDepth"":2,""nodes"":1,""nodeBudget"":60,""cacheHits"":0,""cutoffs"":32}","0.47296099999999797","false","","","local"
"60af0697-8368-4c75-b9a4-c206734b242d","23aa7f1d-b955-4579-acd0-1f4ee6f2d55e","36","B4–B5","0","0","0","0","0","28","[{""boxes"":[0,1,2,3,4,5,6,7,8,9,10,11,12,13,14,15],""length"":16,""exteriorPorts"":10,""type"":""unclassified""}]","{""estimate"":0,""exact"":false,""requestedDepth"":2,""nodes"":1,""nodeBudget"":60,""cacheHits"":0,""cutoffs"":32}","0.3673920000000095","false","","","local"
"60af0697-8368-4c75-b9a4-c206734b242d","23aa7f1d-b955-4579-acd0-1f4ee6f2d55e","37","C4–C5","0","0","0","0","0","30","[{""boxes"":[0,1,2,3,4,5,6,7,8,9,10,11,12,13,14,15],""length"":16,""exteriorPorts"":10,""type"":""unclassified""}]","{""estimate"":0,""exact"":false,""requestedDepth"":2,""nodes"":1,""nodeBudget"":60,""cacheHits"":0,""cutoffs"":32}","0.29978099999999586","false","","","local"
"60af0697-8368-4c75-b9a4-c206734b242d","23aa7f1d-b955-4579-acd0-1f4ee6f2d55e","38","D4–D5","0","0","0","0","0","32","[{""boxes"":[0,1,2,3,4,5,6,7,8,9,10,11,12,13,14,15],""length"":16,""exteriorPorts"":10,""type"":""unclassified""}]","{""estimate"":0,""exact"":false,""requestedDepth"":2,""nodes"":1,""nodeBudget"":60,""cacheHits"":0,""cutoffs"":32}","0.25109700000000146","false","","","local"
"60af0697-8368-4c75-b9a4-c206734b242d","23aa7f1d-b955-4579-acd0-1f4ee6f2d55e","39","E4–E5","0","0","0","0","0","32","[{""boxes"":[0,1,2,3,4,5,6,7,8,9,10,11,12,13,14,15],""length"":16,""exteriorPorts"":9,""type"":""unclassified""}]","{""estimate"":0,""exact"":false,""requestedDepth"":2,""nodes"":1,""nodeBudget"":60,""cacheHits"":0,""cutoffs"":32}","0.27537399999999934","false","","","local"
"60af0697-8368-4c75-b9a4-c206734b242d","4959a8c8-e63f-464e-9d5c-8c8addd7ff2f","4","A2–B2","0","0","0","0","0","22","[{""boxes"":[0,1,2,3,4,5,6,7,8,9,10,11,12,13,14,15],""length"":16,""exteriorPorts"":9,""type"":""unclassified""}]","{""estimate"":0,""exact"":false,""requestedDepth"":2,""nodes"":1,""nodeBudget"":64,""cacheHits"":0,""cutoffs"":30}","0.2298449999999974","true","","","local"
"60af0697-8368-4c75-b9a4-c206734b242d","4959a8c8-e63f-464e-9d5c-8c8addd7ff2f","5","B2–C2","0","0","0","0","0","24","[{""boxes"":[0,1,2,3,4,5,6,7,8,9,10,11,12,13,14,15],""length"":16,""exteriorPorts"":9,""type"":""unclassified""}]","{""estimate"":0,""exact"":false,""requestedDepth"":2,""nodes"":1,""nodeBudget"":64,""cacheHits"":0,""cutoffs"":30}","0.4877530000000121","false","","","local"
"60af0697-8368-4c75-b9a4-c206734b242d","4959a8c8-e63f-464e-9d5c-8c8addd7ff2f","6","C2–D2","0","0","0","0","0","24","[{""boxes"":[0,1,2,3,4,5,6,7,8,9,10,11,12,13,14,15],""length"":16,""exteriorPorts"":9,""type"":""unclassified""}]","{""estimate"":0,""exact"":false,""requestedDepth"":2,""nodes"":1,""nodeBudget"":64,""cacheHits"":0,""cutoffs"":30}","0.19590499999999622","false","","","local"
"60af0697-8368-4c75-b9a4-c206734b242d","4959a8c8-e63f-464e-9d5c-8c8addd7ff2f","7","D2–E2","0","0","0","0","0","22","[{""boxes"":[0,1,2,3,4,5,6,7,8,9,10,11,12,13,14,15],""length"":16,""exteriorPorts"":9,""type"":""unclassified""}]","{""estimate"":0,""exact"":false,""requestedDepth"":2,""nodes"":1,""nodeBudget"":64,""cacheHits"":0,""cutoffs"":30}","0.20845300000000577","false","","","local"
"60af0697-8368-4c75-b9a4-c206734b242d","4959a8c8-e63f-464e-9d5c-8c8addd7ff2f","9","B3–C3","0","0","0","0","0","26","[{""boxes"":[0,1,2,3,4,5,6,7,8,9,10,11,12,13,14,15],""length"":16,""exteriorPorts"":9,""type"":""unclassified""}]","{""estimate"":0,""exact"":false,""requestedDepth"":2,""nodes"":1,""nodeBudget"":64,""cacheHits"":0,""cutoffs"":30}","0.1633460000000042","false","","","local"
"60af0697-8368-4c75-b9a4-c206734b242d","4959a8c8-e63f-464e-9d5c-8c8addd7ff2f","10","C3–D3","0","0","0","0","0","26","[{""boxes"":[0,1,2,3,4,5,6,7,8,9,10,11,12,13,14,15],""length"":16,""exteriorPorts"":9,""type"":""unclassified""}]","{""estimate"":0,""exact"":false,""requestedDepth"":2,""nodes"":1,""nodeBudget"":64,""cacheHits"":0,""cutoffs"":30}","0.16399699999999484","false","","","local"
"60af0697-8368-4c75-b9a4-c206734b242d","4959a8c8-e63f-464e-9d5c-8c8addd7ff2f","11","D3–E3","0","0","0","0","0","24","[{""boxes"":[0,1,2,3,4,5,6,7,8,9,10,11,12,13,14,15],""length"":16,""exteriorPorts"":9,""type"":""unclassified""}]","{""estimate"":0,""exact"":false,""requestedDepth"":2,""nodes"":1,""nodeBudget"":64,""cacheHits"":0,""cutoffs"":30}","0.21600499999999556","false","","","local"
"60af0697-8368-4c75-b9a4-c206734b242d","4959a8c8-e63f-464e-9d5c-8c8addd7ff2f","13","B4–C4","0","0","0","0","0","25","[{""boxes"":[0,1,2,3,4,5,6,7,8,9,10,11,12,13,14,15],""length"":16,""exteriorPorts"":9,""type"":""unclassified""}]","{""estimate"":0,""exact"":false,""requestedDepth"":2,""nodes"":1,""nodeBudget"":64,""cacheHits"":0,""cutoffs"":30}","0.2556249999999949","false","","","local"
"60af0697-8368-4c75-b9a4-c206734b242d","4959a8c8-e63f-464e-9d5c-8c8addd7ff2f","14","C4–D4","0","0","0","0","0","26","[{""boxes"":[0,1,2,3,4,5,6,7,8,9,10,11,12,13,14,15],""length"":16,""exteriorPorts"":9,""type"":""unclassified""}]","{""estimate"":0,""exact"":false,""requestedDepth"":2,""nodes"":1,""nodeBudget"":64,""cacheHits"":0,""cutoffs"":30}","0.1658299999999997","false","","","local"
"60af0697-8368-4c75-b9a4-c206734b242d","4959a8c8-e63f-464e-9d5c-8c8addd7ff2f","15","D4–E4","0","0","0","0","0","26","[{""boxes"":[0,1,2,3,4,5,6,7,8,9,10,11,12,13,14,15],""length"":16,""exteriorPorts"":9,""type"":""unclassified""}]","{""estimate"":0,""exact"":false,""requestedDepth"":2,""nodes"":1,""nodeBudget"":64,""cacheHits"":0,""cutoffs"":30}","0.35235999999999024","false","","","local"
"60af0697-8368-4c75-b9a4-c206734b242d","4959a8c8-e63f-464e-9d5c-8c8addd7ff2f","18","C5–D5","0","0","0","0","0","26","[{""boxes"":[0,1,2,3,4,5,6,7,8,9,10,11,12,13,14,15],""length"":16,""exteriorPorts"":8,""type"":""unclassified""}]","{""estimate"":0,""exact"":false,""requestedDepth"":2,""nodes"":1,""nodeBudget"":64,""cacheHits"":0,""cutoffs"":30}","0.20447699999999713","false","","","local"
"60af0697-8368-4c75-b9a4-c206734b242d","4959a8c8-e63f-464e-9d5c-8c8addd7ff2f","19","D5–E5","0","0","0","0","0","26","[{""boxes"":[0,1,2,3,4,5,6,7,8,9,10,11,12,13,14,15],""length"":16,""exteriorPorts"":8,""type"":""unclassified""}]","{""estimate"":0,""exact"":false,""requestedDepth"":2,""nodes"":1,""nodeBudget"":64,""cacheHits"":0,""cutoffs"":30}","0.16666000000000736","false","","","local"
"60af0697-8368-4c75-b9a4-c206734b242d","4959a8c8-e63f-464e-9d5c-8c8addd7ff2f","20","A1–A2","0","0","0","0","0","24","[{""boxes"":[0,1,2,3,4,5,6,7,8,9,10,11,12,13,14,15],""length"":16,""exteriorPorts"":8,""type"":""unclassified""}]","{""estimate"":0,""exact"":false,""requestedDepth"":2,""nodes"":1,""nodeBudget"":64,""cacheHits"":0,""cutoffs"":30}","0.18280500000000188","false","","","local"
"60af0697-8368-4c75-b9a4-c206734b242d","4959a8c8-e63f-464e-9d5c-8c8addd7ff2f","21","B1–B2","0","0","0","0","0","22","[{""boxes"":[0,1,2,3,4,5,6,7,8,9,10,11,12,13,14,15],""length"":16,""exteriorPorts"":9,""type"":""unclassified""}]","{""estimate"":0,""exact"":false,""requestedDepth"":2,""nodes"":1,""nodeBudget"":64,""cacheHits"":0,""cutoffs"":30}","0.20562900000000184","false","","","local"
"60af0697-8368-4c75-b9a4-c206734b242d","4959a8c8-e63f-464e-9d5c-8c8addd7ff2f","22","C1–C2","0","0","0","0","0","22","[{""boxes"":[0,1,2,3,4,5,6,7,8,9,10,11,12,13,14,15],""length"":16,""exteriorPorts"":9,""type"":""unclassified""}]","{""estimate"":0,""exact"":false,""requestedDepth"":2,""nodes"":1,""nodeBudget"":64,""cacheHits"":0,""cutoffs"":30}","0.2184479999999951","false","","","local"
"60af0697-8368-4c75-b9a4-c206734b242d","4959a8c8-e63f-464e-9d5c-8c8addd7ff2f","23","D1–D2","0","0","0","0","0","22","[{""boxes"":[0,1,2,3,4,5,6,7,8,9,10,11,12,13,14,15],""length"":16,""exteriorPorts"":9,""type"":""unclassified""}]","{""estimate"":0,""exact"":false,""requestedDepth"":2,""nodes"":1,""nodeBudget"":64,""cacheHits"":0,""cutoffs"":30}","0.2724589999999978","false","","","local"
"60af0697-8368-4c75-b9a4-c206734b242d","4959a8c8-e63f-464e-9d5c-8c8addd7ff2f","24","E1–E2","0","0","0","0","0","24","[{""boxes"":[0,1,2,3,4,5,6,7,8,9,10,11,12,13,14,15],""length"":16,""exteriorPorts"":8,""type"":""unclassified""}]","{""estimate"":0,""exact"":false,""requestedDepth"":2,""nodes"":1,""nodeBudget"":64,""cacheHits"":0,""cutoffs"":30}","0.3050179999999898","false","","","local"
"60af0697-8368-4c75-b9a4-c206734b242d","4959a8c8-e63f-464e-9d5c-8c8addd7ff2f","25","A2–A3","0","0","0","0","0","24","[{""boxes"":[0,1,2,3,4,5,6,7,8,9,10,11,12,13,14,15],""length"":16,""exteriorPorts"":8,""type"":""unclassified""}]","{""estimate"":0,""exact"":false,""requestedDepth"":2,""nodes"":1,""nodeBudget"":64,""cacheHits"":0,""cutoffs"":30}","0.45251000000000374","false","","","local"
"60af0697-8368-4c75-b9a4-c206734b242d","4959a8c8-e63f-464e-9d5c-8c8addd7ff2f","26","B2–B3","0","0","0","0","0","24","[{""boxes"":[0,1,2,3,4,5,6,7,8,9,10,11,12,13,14,15],""length"":16,""exteriorPorts"":9,""type"":""unclassified""}]","{""estimate"":0,""exact"":false,""requestedDepth"":2,""nodes"":1,""nodeBudget"":64,""cacheHits"":0,""cutoffs"":30}","0.21609500000000992","false","","","local"
"60af0697-8368-4c75-b9a4-c206734b242d","4959a8c8-e63f-464e-9d5c-8c8addd7ff2f","27","C2–C3","0","0","0","0","0","26","[{""boxes"":[0,1,2,3,4,5,6,7,8,9,10,11,12,13,14,15],""length"":16,""exteriorPorts"":9,""type"":""unclassified""}]","{""estimate"":0,""exact"":false,""requestedDepth"":2,""nodes"":1,""nodeBudget"":64,""cacheHits"":0,""cutoffs"":30}","0.22690100000001223","false","","","local"
"60af0697-8368-4c75-b9a4-c206734b242d","4959a8c8-e63f-464e-9d5c-8c8addd7ff2f","28","D2–D3","0","0","0","0","0","24","[{""boxes"":[0,1,2,3,4,5,6,7,8,9,10,11,12,13,14,15],""length"":16,""exteriorPorts"":9,""type"":""unclassified""}]","{""estimate"":0,""exact"":false,""requestedDepth"":2,""nodes"":1,""nodeBudget"":64,""cacheHits"":0,""cutoffs"":30}","0.18620899999999097","false","","","local"
"60af0697-8368-4c75-b9a4-c206734b242d","4959a8c8-e63f-464e-9d5c-8c8addd7ff2f","30","A3–A4","0","1","0","1","1","27","[{""boxes"":[0,1,2,3,4,5,6,7,8,9,10,11,12,13,14,15],""length"":16,""exteriorPorts"":8,""type"":""unclassified""}]","{""estimate"":-1,""exact"":false,""requestedDepth"":2,""nodes"":1,""nodeBudget"":64,""cacheHits"":0,""cutoffs"":30}","0.45029700000000616","false","","","local"
"60af0697-8368-4c75-b9a4-c206734b242d","4959a8c8-e63f-464e-9d5c-8c8addd7ff2f","31","B3–B4","0","1","0","1","1","27","[{""boxes"":[0,1,2,3,4,5,6,7,9,10,11,12,13,14,15],""length"":15,""exteriorPorts"":8,""type"":""unclassified""},{""boxes"":[8],""length"":1,""exteriorPorts"":1,""type"":""unclassified""}]","{""estimate"":-1,""exact"":false,""requestedDepth"":2,""nodes"":1,""nodeBudget"":64,""cacheHits"":0,""cutoffs"":30}","0.9068929999999966","false","","","local"
"60af0697-8368-4c75-b9a4-c206734b242d","4959a8c8-e63f-464e-9d5c-8c8addd7ff2f","32","C3–C4","0","0","0","0","0","26","[{""boxes"":[0,1,2,3,4,5,6,7,8,9,10,11,12,13,14,15],""length"":16,""exteriorPorts"":9,""type"":""unclassified""}]","{""estimate"":0,""exact"":false,""requestedDepth"":2,""nodes"":1,""nodeBudget"":64,""cacheHits"":0,""cutoffs"":30}","0.2153330000000011","false","","","local"
"60af0697-8368-4c75-b9a4-c206734b242d","4959a8c8-e63f-464e-9d5c-8c8addd7ff2f","33","D3–D4","0","0","0","0","0","26","[{""boxes"":[0,1,2,3,4,5,6,7,8,9,10,11,12,13,14,15],""length"":16,""exteriorPorts"":9,""type"":""unclassified""}]","{""estimate"":0,""exact"":false,""requestedDepth"":2,""nodes"":1,""nodeBudget"":64,""cacheHits"":0,""cutoffs"":30}","0.16704100000001176","false","","","local"
"60af0697-8368-4c75-b9a4-c206734b242d","4959a8c8-e63f-464e-9d5c-8c8addd7ff2f","34","E3–E4","0","0","0","0","0","26","[{""boxes"":[0,1,2,3,4,5,6,7,8,9,10,11,12,13,14,15],""length"":16,""exteriorPorts"":8,""type"":""unclassified""}]","{""estimate"":0,""exact"":false,""requestedDepth"":2,""nodes"":1,""nodeBudget"":64,""cacheHits"":0,""cutoffs"":30}","0.16249399999999525","false","","","local"
"60af0697-8368-4c75-b9a4-c206734b242d","4959a8c8-e63f-464e-9d5c-8c8addd7ff2f","35","A4–A5","0","1","0","1","1","27","[{""boxes"":[0,1,2,3,4,5,6,7,8,9,10,11,12,13,14,15],""length"":16,""exteriorPorts"":8,""type"":""unclassified""}]","{""estimate"":-1,""exact"":false,""requestedDepth"":2,""nodes"":1,""nodeBudget"":64,""cacheHits"":0,""cutoffs"":30}","1.0819970000000012","false","","","local"
"60af0697-8368-4c75-b9a4-c206734b242d","4959a8c8-e63f-464e-9d5c-8c8addd7ff2f","36","B4–B5","0","1","0","1","1","25","[{""boxes"":[0,1,2,3,4,5,6,7,8,9,10,11,13,14,15],""length"":15,""exteriorPorts"":8,""type"":""unclassified""},{""boxes"":[12],""length"":1,""exteriorPorts"":1,""type"":""unclassified""}]","{""estimate"":-1,""exact"":false,""requestedDepth"":2,""nodes"":1,""nodeBudget"":64,""cacheHits"":0,""cutoffs"":30}","0.5024450000000087","false","","","local"
"60af0697-8368-4c75-b9a4-c206734b242d","4959a8c8-e63f-464e-9d5c-8c8addd7ff2f","37","C4–C5","0","0","0","0","0","25","[{""boxes"":[0,1,2,3,4,5,6,7,8,9,10,11,12,13,14,15],""length"":16,""exteriorPorts"":9,""type"":""unclassified""}]","{""estimate"":0,""exact"":false,""requestedDepth"":2,""nodes"":1,""nodeBudget"":64,""cacheHits"":0,""cutoffs"":30}","0.2146629999999874","false","","","local"
"60af0697-8368-4c75-b9a4-c206734b242d","4959a8c8-e63f-464e-9d5c-8c8addd7ff2f","38","D4–D5","0","0","0","0","0","26","[{""boxes"":[0,1,2,3,4,5,6,7,8,9,10,11,12,13,14,15],""length"":16,""exteriorPorts"":9,""type"":""unclassified""}]","{""estimate"":0,""exact"":false,""requestedDepth"":2,""nodes"":1,""nodeBudget"":64,""cacheHits"":0,""cutoffs"":30}","0.16173299999999813","false","","","local"
"60af0697-8368-4c75-b9a4-c206734b242d","4959a8c8-e63f-464e-9d5c-8c8addd7ff2f","39","E4–E5","0","0","0","0","0","26","[{""boxes"":[0,1,2,3,4,5,6,7,8,9,10,11,12,13,14,15],""length"":16,""exteriorPorts"":8,""type"":""unclassified""}]","{""estimate"":0,""exact"":false,""requestedDepth"":2,""nodes"":1,""nodeBudget"":64,""cacheHits"":0,""cutoffs"":30}","0.2767160000000075","false","","","local"
"60af0697-8368-4c75-b9a4-c206734b242d","a4a0ab72-d3d0-48b4-9d17-1df4a549a40e","5","B2–C2","0","0","0","0","0","17","[{""boxes"":[0,1,2,3,4,5,6,7,8,9,10,11,12,13,14,15],""length"":16,""exteriorPorts"":9,""type"":""unclassified""}]","{""estimate"":0,""exact"":false,""requestedDepth"":2,""nodes"":1,""nodeBudget"":68,""cacheHits"":0,""cutoffs"":28}","0.320611999999997","true","","","local"
"60af0697-8368-4c75-b9a4-c206734b242d","a4a0ab72-d3d0-48b4-9d17-1df4a549a40e","6","C2–D2","0","0","0","0","0","16","[{""boxes"":[0,1,2,3,4,5,6,7,8,9,10,11,12,13,14,15],""length"":16,""exteriorPorts"":9,""type"":""unclassified""}]","{""estimate"":0,""exact"":false,""requestedDepth"":2,""nodes"":1,""nodeBudget"":68,""cacheHits"":0,""cutoffs"":28}","0.24102299999999843","false","","","local"
"60af0697-8368-4c75-b9a4-c206734b242d","a4a0ab72-d3d0-48b4-9d17-1df4a549a40e","7","D2–E2","0","1","0","1","1","17","[{""boxes"":[0,1,2,3,4,5,6,7,8,9,10,11,12,13,14,15],""length"":16,""exteriorPorts"":9,""type"":""unclassified""}]","{""estimate"":-1,""exact"":false,""requestedDepth"":2,""nodes"":1,""nodeBudget"":68,""cacheHits"":0,""cutoffs"":28}","0.6031669999999991","false","","","local"
"60af0697-8368-4c75-b9a4-c206734b242d","a4a0ab72-d3d0-48b4-9d17-1df4a549a40e","9","B3–C3","0","0","0","0","0","18","[{""boxes"":[0,1,2,3,4,5,6,7,8,9,10,11,12,13,14,15],""length"":16,""exteriorPorts"":9,""type"":""unclassified""}]","{""estimate"":0,""exact"":false,""requestedDepth"":2,""nodes"":1,""nodeBudget"":68,""cacheHits"":0,""cutoffs"":28}","0.6904679999999956","false","","","local"
"60af0697-8368-4c75-b9a4-c206734b242d","a4a0ab72-d3d0-48b4-9d17-1df4a549a40e","10","C3–D3","0","0","0","0","0","18","[{""boxes"":[0,1,2,3,4,5,6,7,8,9,10,11,12,13,14,15],""length"":16,""exteriorPorts"":9,""type"":""unclassified""}]","{""estimate"":0,""exact"":false,""requestedDepth"":2,""nodes"":1,""nodeBudget"":68,""cacheHits"":0,""cutoffs"":28}","0.23315999999999804","false","","","local"
"60af0697-8368-4c75-b9a4-c206734b242d","a4a0ab72-d3d0-48b4-9d17-1df4a549a40e","13","B4–C4","0","0","0","0","0","17","[{""boxes"":[0,1,2,3,4,5,6,7,8,9,10,11,12,13,14,15],""length"":16,""exteriorPorts"":9,""type"":""unclassified""}]","{""estimate"":0,""exact"":false,""requestedDepth"":2,""nodes"":1,""nodeBudget"":68,""cacheHits"":0,""cutoffs"":28}","0.24857399999999075","false","","","local"
"60af0697-8368-4c75-b9a4-c206734b242d","a4a0ab72-d3d0-48b4-9d17-1df4a549a40e","14","C4–D4","0","0","0","0","0","18","[{""boxes"":[0,1,2,3,4,5,6,7,8,9,10,11,12,13,14,15],""length"":16,""exteriorPorts"":9,""type"":""unclassified""}]","{""estimate"":0,""exact"":false,""requestedDepth"":2,""nodes"":1,""nodeBudget"":68,""cacheHits"":0,""cutoffs"":28}","0.35498400000000174","false","","","local"
"60af0697-8368-4c75-b9a4-c206734b242d","a4a0ab72-d3d0-48b4-9d17-1df4a549a40e","15","D4–E4","0","0","0","0","0","16","[{""boxes"":[0,1,2,3,4,5,6,7,8,9,10,11,12,13,14,15],""length"":16,""exteriorPorts"":9,""type"":""unclassified""}]","{""estimate"":0,""exact"":false,""requestedDepth"":2,""nodes"":1,""nodeBudget"":68,""cacheHits"":0,""cutoffs"":28}","0.3568169999999924","false","","","local"
"60af0697-8368-4c75-b9a4-c206734b242d","a4a0ab72-d3d0-48b4-9d17-1df4a549a40e","18","C5–D5","0","0","0","0","0","18","[{""boxes"":[0,1,2,3,4,5,6,7,8,9,10,11,12,13,14,15],""length"":16,""exteriorPorts"":8,""type"":""unclassified""}]","{""estimate"":0,""exact"":false,""requestedDepth"":2,""nodes"":1,""nodeBudget"":68,""cacheHits"":0,""cutoffs"":28}","0.43421299999999974","false","","","local"
"60af0697-8368-4c75-b9a4-c206734b242d","a4a0ab72-d3d0-48b4-9d17-1df4a549a40e","19","D5–E5","0","0","0","0","0","18","[{""boxes"":[0,1,2,3,4,5,6,7,8,9,10,11,12,13,14,15],""length"":16,""exteriorPorts"":8,""type"":""unclassified""}]","{""estimate"":0,""exact"":false,""requestedDepth"":2,""nodes"":1,""nodeBudget"":68,""cacheHits"":0,""cutoffs"":28}","0.42145299999999963","false","","","local"
"60af0697-8368-4c75-b9a4-c206734b242d","a4a0ab72-d3d0-48b4-9d17-1df4a549a40e","20","A1–A2","0","1","0","1","1","19","[{""boxes"":[0,1,2,3,4,5,6,7,8,9,10,11,12,13,14,15],""length"":16,""exteriorPorts"":8,""type"":""unclassified""}]","{""estimate"":-1,""exact"":false,""requestedDepth"":2,""nodes"":1,""nodeBudget"":68,""cacheHits"":0,""cutoffs"":28}","0.5537929999999989","false","","","local"
"60af0697-8368-4c75-b9a4-c206734b242d","a4a0ab72-d3d0-48b4-9d17-1df4a549a40e","21","B1–B2","0","1","0","1","1","17","[{""boxes"":[0],""length"":1,""exteriorPorts"":1,""type"":""unclassified""},{""boxes"":[1,2,3,4,5,6,7,8,9,10,11,12,13,14,15],""length"":15,""exteriorPorts"":8,""type"":""unclassified""}]","{""estimate"":-1,""exact"":false,""requestedDepth"":2,""nodes"":1,""nodeBudget"":68,""cacheHits"":0,""cutoffs"":28}","1.8630909999999972","false","","","local"
"60af0697-8368-4c75-b9a4-c206734b242d","a4a0ab72-d3d0-48b4-9d17-1df4a549a40e","22","C1–C2","0","0","0","0","0","15","[{""boxes"":[0,1,2,3,4,5,6,7,8,9,10,11,12,13,14,15],""length"":16,""exteriorPorts"":9,""type"":""unclassified""}]","{""estimate"":0,""exact"":false,""requestedDepth"":2,""nodes"":1,""nodeBudget"":68,""cacheHits"":0,""cutoffs"":28}","0.4435259999999914","false","","","local"
"60af0697-8368-4c75-b9a4-c206734b242d","a4a0ab72-d3d0-48b4-9d17-1df4a549a40e","23","D1–D2","0","0","0","0","0","15","[{""boxes"":[0,1,2,3,4,5,6,7,8,9,10,11,12,13,14,15],""length"":16,""exteriorPorts"":9,""type"":""unclassified""}]","{""estimate"":0,""exact"":false,""requestedDepth"":2,""nodes"":1,""nodeBudget"":68,""cacheHits"":0,""cutoffs"":28}","0.33514399999998545","false","","","local"
"60af0697-8368-4c75-b9a4-c206734b242d","a4a0ab72-d3d0-48b4-9d17-1df4a549a40e","24","E1–E2","0","0","0","0","0","17","[{""boxes"":[0,1,2,3,4,5,6,7,8,9,10,11,12,13,14,15],""length"":16,""exteriorPorts"":8,""type"":""unclassified""}]","{""estimate"":0,""exact"":false,""requestedDepth"":2,""nodes"":1,""nodeBudget"":68,""cacheHits"":0,""cutoffs"":28}","0.24984600000001933","false","","","local"
"60af0697-8368-4c75-b9a4-c206734b242d","a4a0ab72-d3d0-48b4-9d17-1df4a549a40e","25","A2–A3","0","1","0","1","1","19","[{""boxes"":[0,1,2,3,4,5,6,7,8,9,10,11,12,13,14,15],""length"":16,""exteriorPorts"":8,""type"":""unclassified""}]","{""estimate"":-1,""exact"":false,""requestedDepth"":2,""nodes"":1,""nodeBudget"":68,""cacheHits"":0,""cutoffs"":28}","0.561493999999982","false","","","local"
"60af0697-8368-4c75-b9a4-c206734b242d","a4a0ab72-d3d0-48b4-9d17-1df4a549a40e","26","B2–B3","0","1","0","1","1","19","[{""boxes"":[0,1,2,3,5,6,7,8,9,10,11,12,13,14,15],""length"":15,""exteriorPorts"":8,""type"":""unclassified""},{""boxes"":[4],""length"":1,""exteriorPorts"":1,""type"":""unclassified""}]","{""estimate"":-1,""exact"":false,""requestedDepth"":2,""nodes"":1,""nodeBudget"":68,""cacheHits"":0,""cutoffs"":28}","0.5947239999999852","false","","","local"
"60af0697-8368-4c75-b9a4-c206734b242d","a4a0ab72-d3d0-48b4-9d17-1df4a549a40e","27","C2–C3","0","0","0","0","0","18","[{""boxes"":[0,1,2,3,4,5,6,7,8,9,10,11,12,13,14,15],""length"":16,""exteriorPorts"":9,""type"":""unclassified""}]","{""estimate"":0,""exact"":false,""requestedDepth"":2,""nodes"":1,""nodeBudget"":68,""cacheHits"":0,""cutoffs"":28}","0.24415799999999876","false","","","local"
"60af0697-8368-4c75-b9a4-c206734b242d","a4a0ab72-d3d0-48b4-9d17-1df4a549a40e","28","D2–D3","0","1","0","1","1","19","[{""boxes"":[0,1,2,3,4,5,6,7,8,9,10,11,12,13,14,15],""length"":16,""exteriorPorts"":9,""type"":""unclassified""}]","{""estimate"":-1,""exact"":false,""requestedDepth"":2,""nodes"":1,""nodeBudget"":68,""cacheHits"":0,""cutoffs"":28}","0.5039179999999988","false","","","local"
"60af0697-8368-4c75-b9a4-c206734b242d","a4a0ab72-d3d0-48b4-9d17-1df4a549a40e","30","A3–A4","0","1","0","1","1","19","[{""boxes"":[0,1,2,3,4,5,6,7,8,9,10,11,12,13,14,15],""length"":16,""exteriorPorts"":8,""type"":""unclassified""}]","{""estimate"":-1,""exact"":false,""requestedDepth"":2,""nodes"":1,""nodeBudget"":68,""cacheHits"":0,""cutoffs"":28}","0.8129020000000082","false","","","local"
"60af0697-8368-4c75-b9a4-c206734b242d","a4a0ab72-d3d0-48b4-9d17-1df4a549a40e","31","B3–B4","0","1","0","1","1","19","[{""boxes"":[0,1,2,3,4,5,6,7,9,10,11,12,13,14,15],""length"":15,""exteriorPorts"":8,""type"":""unclassified""},{""boxes"":[8],""length"":1,""exteriorPorts"":1,""type"":""unclassified""}]","{""estimate"":-1,""exact"":false,""requestedDepth"":2,""nodes"":1,""nodeBudget"":68,""cacheHits"":0,""cutoffs"":28}","0.4636769999999899","false","","","local"
"60af0697-8368-4c75-b9a4-c206734b242d","a4a0ab72-d3d0-48b4-9d17-1df4a549a40e","32","C3–C4","0","0","0","0","0","18","[{""boxes"":[0,1,2,3,4,5,6,7,8,9,10,11,12,13,14,15],""length"":16,""exteriorPorts"":9,""type"":""unclassified""}]","{""estimate"":0,""exact"":false,""requestedDepth"":2,""nodes"":1,""nodeBudget"":68,""cacheHits"":0,""cutoffs"":28}","0.31216900000001147","false","","","local"
"60af0697-8368-4c75-b9a4-c206734b242d","a4a0ab72-d3d0-48b4-9d17-1df4a549a40e","33","D3–D4","0","0","0","0","0","16","[{""boxes"":[0,1,2,3,4,5,6,7,8,9,10,11,12,13,14,15],""length"":16,""exteriorPorts"":9,""type"":""unclassified""}]","{""estimate"":0,""exact"":false,""requestedDepth"":2,""nodes"":1,""nodeBudget"":68,""cacheHits"":0,""cutoffs"":28}","0.31968999999998005","false","","","local"
"60af0697-8368-4c75-b9a4-c206734b242d","a4a0ab72-d3d0-48b4-9d17-1df4a549a40e","34","E3–E4","0","0","0","0","0","16","[{""boxes"":[0,1,2,3,4,5,6,7,8,9,10,11,12,13,14,15],""length"":16,""exteriorPorts"":8,""type"":""unclassified""}]","{""estimate"":0,""exact"":false,""requestedDepth"":2,""nodes"":1,""nodeBudget"":68,""cacheHits"":0,""cutoffs"":28}","0.35504399999999237","false","","","local"
"60af0697-8368-4c75-b9a4-c206734b242d","a4a0ab72-d3d0-48b4-9d17-1df4a549a40e","35","A4–A5","0","1","0","1","1","19","[{""boxes"":[0,1,2,3,4,5,6,7,8,9,10,11,12,13,14,15],""length"":16,""exteriorPorts"":8,""type"":""unclassified""}]","{""estimate"":-1,""exact"":false,""requestedDepth"":2,""nodes"":1,""nodeBudget"":68,""cacheHits"":0,""cutoffs"":28}","0.7180189999999982","false","","","local"
"60af0697-8368-4c75-b9a4-c206734b242d","a4a0ab72-d3d0-48b4-9d17-1df4a549a40e","36","B4–B5","0","1","0","1","1","17","[{""boxes"":[0,1,2,3,4,5,6,7,8,9,10,11,13,14,15],""length"":15,""exteriorPorts"":8,""type"":""unclassified""},{""boxes"":[12],""length"":1,""exteriorPorts"":1,""type"":""unclassified""}]","{""estimate"":-1,""exact"":false,""requestedDepth"":2,""nodes"":1,""nodeBudget"":68,""cacheHits"":0,""cutoffs"":28}","0.5065220000000181","false","","","local"
"60af0697-8368-4c75-b9a4-c206734b242d","a4a0ab72-d3d0-48b4-9d17-1df4a549a40e","37","C4–C5","0","0","0","0","0","17","[{""boxes"":[0,1,2,3,4,5,6,7,8,9,10,11,12,13,14,15],""length"":16,""exteriorPorts"":9,""type"":""unclassified""}]","{""estimate"":0,""exact"":false,""requestedDepth"":2,""nodes"":1,""nodeBudget"":68,""cacheHits"":0,""cutoffs"":28}","0.3649090000000115","false","","","local"
"60af0697-8368-4c75-b9a4-c206734b242d","a4a0ab72-d3d0-48b4-9d17-1df4a549a40e","38","D4–D5","0","0","0","0","0","18","[{""boxes"":[0,1,2,3,4,5,6,7,8,9,10,11,12,13,14,15],""length"":16,""exteriorPorts"":9,""type"":""unclassified""}]","{""estimate"":0,""exact"":false,""requestedDepth"":2,""nodes"":1,""nodeBudget"":68,""cacheHits"":0,""cutoffs"":28}","0.20813300000000368","false","","","local"
"60af0697-8368-4c75-b9a4-c206734b242d","a4a0ab72-d3d0-48b4-9d17-1df4a549a40e","39","E4–E5","0","0","0","0","0","18","[{""boxes"":[0,1,2,3,4,5,6,7,8,9,10,11,12,13,14,15],""length"":16,""exteriorPorts"":8,""type"":""unclassified""}]","{""estimate"":0,""exact"":false,""requestedDepth"":2,""nodes"":1,""nodeBudget"":68,""cacheHits"":0,""cutoffs"":28}","0.3571269999999913","false","","","local"
"60af0697-8368-4c75-b9a4-c206734b242d","765535ae-cbf7-478f-972d-532d1e3ef6ab","7","D2–E2","0","1","0","1","1","14","[{""boxes"":[0,1,2,3],""length"":4,""exteriorPorts"":2,""type"":""chain""},{""boxes"":[4,5,6,7,8,9,10,11,12,13,14,15],""length"":12,""exteriorPorts"":7,""type"":""unclassified""}]","{""estimate"":-1,""exact"":false,""requestedDepth"":2,""nodes"":1,""nodeBudget"":74,""cacheHits"":0,""cutoffs"":26}","0.8810749999999814","false","","","local"
"60af0697-8368-4c75-b9a4-c206734b242d","765535ae-cbf7-478f-972d-532d1e3ef6ab","9","B3–C3","0","0","0","0","0","13","[{""boxes"":[0,1,2,3,4,5,6,7,8,9,10,11,12,13,14,15],""length"":16,""exteriorPorts"":9,""type"":""unclassified""}]","{""estimate"":0,""exact"":false,""requestedDepth"":2,""nodes"":1,""nodeBudget"":74,""cacheHits"":0,""cutoffs"":26}","0.36625100000000543","true","","","local"
"60af0697-8368-4c75-b9a4-c206734b242d","765535ae-cbf7-478f-972d-532d1e3ef6ab","10","C3–D3","0","0","0","0","0","13","[{""boxes"":[0,1,2,3,4,5,6,7,8,9,10,11,12,13,14,15],""length"":16,""exteriorPorts"":9,""type"":""unclassified""}]","{""estimate"":0,""exact"":false,""requestedDepth"":2,""nodes"":1,""nodeBudget"":74,""cacheHits"":0,""cutoffs"":26}","0.32690200000001823","false","","","local"
"60af0697-8368-4c75-b9a4-c206734b242d","765535ae-cbf7-478f-972d-532d1e3ef6ab","13","B4–C4","0","0","0","0","0","13","[{""boxes"":[0,1,2,3,4,5,6,7,8,9,10,11,12,13,14,15],""length"":16,""exteriorPorts"":9,""type"":""unclassified""}]","{""estimate"":0,""exact"":false,""requestedDepth"":2,""nodes"":1,""nodeBudget"":74,""cacheHits"":0,""cutoffs"":26}","0.5026149999999916","false","","","local"
"60af0697-8368-4c75-b9a4-c206734b242d","765535ae-cbf7-478f-972d-532d1e3ef6ab","14","C4–D4","0","0","0","0","0","14","[{""boxes"":[0,1,2,3,4,5,6,7,8,9,10,11,12,13,14,15],""length"":16,""exteriorPorts"":9,""type"":""unclassified""}]","{""estimate"":0,""exact"":false,""requestedDepth"":2,""nodes"":1,""nodeBudget"":74,""cacheHits"":0,""cutoffs"":26}","0.3321689999999933","false","","","local"
"60af0697-8368-4c75-b9a4-c206734b242d","765535ae-cbf7-478f-972d-532d1e3ef6ab","15","D4–E4","0","0","0","0","0","12","[{""boxes"":[0,1,2,3,4,5,6,7,8,9,10,11,12,13,14,15],""length"":16,""exteriorPorts"":9,""type"":""unclassified""}]","{""estimate"":0,""exact"":false,""requestedDepth"":2,""nodes"":1,""nodeBudget"":74,""cacheHits"":0,""cutoffs"":26}","0.3127499999999941","false","","","local"
"60af0697-8368-4c75-b9a4-c206734b242d","765535ae-cbf7-478f-972d-532d1e3ef6ab","18","C5–D5","0","0","0","0","0","14","[{""boxes"":[0,1,2,3,4,5,6,7,8,9,10,11,12,13,14,15],""length"":16,""exteriorPorts"":8,""type"":""unclassified""}]","{""estimate"":0,""exact"":false,""requestedDepth"":2,""nodes"":1,""nodeBudget"":74,""cacheHits"":0,""cutoffs"":26}","0.9381600000000105","false","","","local"
"60af0697-8368-4c75-b9a4-c206734b242d","765535ae-cbf7-478f-972d-532d1e3ef6ab","19","D5–E5","0","0","0","0","0","14","[{""boxes"":[0,1,2,3,4,5,6,7,8,9,10,11,12,13,14,15],""length"":16,""exteriorPorts"":8,""type"":""unclassified""}]","{""estimate"":0,""exact"":false,""requestedDepth"":2,""nodes"":1,""nodeBudget"":74,""cacheHits"":0,""cutoffs"":26}","0.3542630000000031","false","","","local"
"60af0697-8368-4c75-b9a4-c206734b242d","765535ae-cbf7-478f-972d-532d1e3ef6ab","20","A1–A2","0","1","0","1","1","15","[{""boxes"":[0,1,2,3,4,5,6,7,8,9,10,11,12,13,14,15],""length"":16,""exteriorPorts"":8,""type"":""unclassified""}]","{""estimate"":-3,""exact"":false,""requestedDepth"":2,""nodes"":1,""nodeBudget"":74,""cacheHits"":0,""cutoffs"":26}","1.1976599999999848","false","","","local"
"60af0697-8368-4c75-b9a4-c206734b242d","765535ae-cbf7-478f-972d-532d1e3ef6ab","21","B1–B2","0","2","0","2","1","15","[{""boxes"":[0],""length"":1,""exteriorPorts"":1,""type"":""unclassified""},{""boxes"":[1,2,3,4,5,6,7,8,9,10,11,12,13,14,15],""length"":15,""exteriorPorts"":8,""type"":""unclassified""}]","{""estimate"":-3,""exact"":false,""requestedDepth"":2,""nodes"":1,""nodeBudget"":74,""cacheHits"":0,""cutoffs"":26}","1.0748250000000041","false","","","local"
"60af0697-8368-4c75-b9a4-c206734b242d","765535ae-cbf7-478f-972d-532d1e3ef6ab","22","C1–C2","0","2","0","2","1","15","[{""boxes"":[0,1],""length"":2,""exteriorPorts"":1,""type"":""unclassified""},{""boxes"":[2,3,4,5,6,7,8,9,10,11,12,13,14,15],""length"":14,""exteriorPorts"":8,""type"":""unclassified""}]","{""estimate"":-3,""exact"":false,""requestedDepth"":2,""nodes"":1,""nodeBudget"":74,""cacheHits"":0,""cutoffs"":26}","1.1118720000000053","false","","","local"
"60af0697-8368-4c75-b9a4-c206734b242d","765535ae-cbf7-478f-972d-532d1e3ef6ab","23","D1–D2","0","1","0","1","1","14","[{""boxes"":[0,1,2],""length"":3,""exteriorPorts"":1,""type"":""unclassified""},{""boxes"":[3,4,5,6,7,8,9,10,11,12,13,14,15],""length"":13,""exteriorPorts"":8,""type"":""unclassified""}]","{""estimate"":-3,""exact"":false,""requestedDepth"":2,""nodes"":1,""nodeBudget"":74,""cacheHits"":0,""cutoffs"":26}","1.117670000000004","false","","","local"
"60af0697-8368-4c75-b9a4-c206734b242d","765535ae-cbf7-478f-972d-532d1e3ef6ab","24","E1–E2","0","0","0","0","0","14","[{""boxes"":[0,1,2,3,4,5,6,7,8,9,10,11,12,13,14,15],""length"":16,""exteriorPorts"":8,""type"":""unclassified""}]","{""estimate"":0,""exact"":false,""requestedDepth"":2,""nodes"":1,""nodeBudget"":74,""cacheHits"":0,""cutoffs"":26}","0.46285599999998794","false","","","local"
"60af0697-8368-4c75-b9a4-c206734b242d","765535ae-cbf7-478f-972d-532d1e3ef6ab","25","A2–A3","0","1","0","1","1","15","[{""boxes"":[0,1,2,3,4,5,6,7,8,9,10,11,12,13,14,15],""length"":16,""exteriorPorts"":8,""type"":""unclassified""}]","{""estimate"":-1,""exact"":false,""requestedDepth"":2,""nodes"":1,""nodeBudget"":74,""cacheHits"":0,""cutoffs"":26}","0.7946540000000084","false","","","local"
"60af0697-8368-4c75-b9a4-c206734b242d","765535ae-cbf7-478f-972d-532d1e3ef6ab","26","B2–B3","0","1","0","1","1","13","[{""boxes"":[0,1,2,3,5,6,7,8,9,10,11,12,13,14,15],""length"":15,""exteriorPorts"":8,""type"":""unclassified""},{""boxes"":[4],""length"":1,""exteriorPorts"":1,""type"":""unclassified""}]","{""estimate"":-1,""exact"":false,""requestedDepth"":2,""nodes"":1,""nodeBudget"":74,""cacheHits"":0,""cutoffs"":26}","0.8235479999999882","false","","","local"
"60af0697-8368-4c75-b9a4-c206734b242d","765535ae-cbf7-478f-972d-532d1e3ef6ab","27","C2–C3","0","0","0","0","0","12","[{""boxes"":[0,1,2,3,4,5,6,7,8,9,10,11,12,13,14,15],""length"":16,""exteriorPorts"":9,""type"":""unclassified""}]","{""estimate"":0,""exact"":false,""requestedDepth"":2,""nodes"":1,""nodeBudget"":74,""cacheHits"":0,""cutoffs"":26}","0.607403000000005","false","","","local"
"60af0697-8368-4c75-b9a4-c206734b242d","765535ae-cbf7-478f-972d-532d1e3ef6ab","28","D2–D3","0","1","0","1","1","13","[{""boxes"":[0,1,2,3,7],""length"":5,""exteriorPorts"":2,""type"":""unclassified""},{""boxes"":[4,5,6,8,9,10,11,12,13,14,15],""length"":11,""exteriorPorts"":7,""type"":""unclassified""}]","{""estimate"":-1,""exact"":false,""requestedDepth"":2,""nodes"":1,""nodeBudget"":74,""cacheHits"":0,""cutoffs"":26}","0.8054909999999893","false","","","local"
"60af0697-8368-4c75-b9a4-c206734b242d","765535ae-cbf7-478f-972d-532d1e3ef6ab","30","A3–A4","0","1","0","1","1","15","[{""boxes"":[0,1,2,3,4,5,6,7,8,9,10,11,12,13,14,15],""length"":16,""exteriorPorts"":8,""type"":""unclassified""}]","{""estimate"":-1,""exact"":false,""requestedDepth"":2,""nodes"":1,""nodeBudget"":74,""cacheHits"":0,""cutoffs"":26}","0.5127410000000054","false","","","local"
"60af0697-8368-4c75-b9a4-c206734b242d","765535ae-cbf7-478f-972d-532d1e3ef6ab","31","B3–B4","0","1","0","1","1","15","[{""boxes"":[0,1,2,3,4,5,6,7,9,10,11,12,13,14,15],""length"":15,""exteriorPorts"":8,""type"":""unclassified""},{""boxes"":[8],""length"":1,""exteriorPorts"":1,""type"":""unclassified""}]","{""estimate"":-1,""exact"":false,""requestedDepth"":2,""nodes"":1,""nodeBudget"":74,""cacheHits"":0,""cutoffs"":26}","0.6267019999999945","false","","","local"
"60af0697-8368-4c75-b9a4-c206734b242d","765535ae-cbf7-478f-972d-532d1e3ef6ab","32","C3–C4","0","0","0","0","0","14","[{""boxes"":[0,1,2,3,4,5,6,7,8,9,10,11,12,13,14,15],""length"":16,""exteriorPorts"":9,""type"":""unclassified""}]","{""estimate"":0,""exact"":false,""requestedDepth"":2,""nodes"":1,""nodeBudget"":74,""cacheHits"":0,""cutoffs"":26}","0.2879430000000127","false","","","local"
"60af0697-8368-4c75-b9a4-c206734b242d","765535ae-cbf7-478f-972d-532d1e3ef6ab","33","D3–D4","0","0","0","0","0","12","[{""boxes"":[0,1,2,3,4,5,6,7,8,9,10,11,12,13,14,15],""length"":16,""exteriorPorts"":9,""type"":""unclassified""}]","{""estimate"":0,""exact"":false,""requestedDepth"":2,""nodes"":1,""nodeBudget"":74,""cacheHits"":0,""cutoffs"":26}","0.3040369999999939","false","","","local"
"60af0697-8368-4c75-b9a4-c206734b242d","765535ae-cbf7-478f-972d-532d1e3ef6ab","34","E3–E4","0","0","0","0","0","12","[{""boxes"":[0,1,2,3,4,5,6,7,8,9,10,11,12,13,14,15],""length"":16,""exteriorPorts"":8,""type"":""unclassified""}]","{""estimate"":0,""exact"":false,""requestedDepth"":2,""nodes"":1,""nodeBudget"":74,""cacheHits"":0,""cutoffs"":26}","0.32262500000001637","false","","","local"
"60af0697-8368-4c75-b9a4-c206734b242d","765535ae-cbf7-478f-972d-532d1e3ef6ab","35","A4–A5","0","1","0","1","1","15","[{""boxes"":[0,1,2,3,4,5,6,7,8,9,10,11,12,13,14,15],""length"":16,""exteriorPorts"":8,""type"":""unclassified""}]","{""estimate"":-1,""exact"":false,""requestedDepth"":2,""nodes"":1,""nodeBudget"":74,""cacheHits"":0,""cutoffs"":26}","0.7378889999999956","false","","","local"
"60af0697-8368-4c75-b9a4-c206734b242d","765535ae-cbf7-478f-972d-532d1e3ef6ab","36","B4–B5","0","1","0","1","1","13","[{""boxes"":[0,1,2,3,4,5,6,7,8,9,10,11,13,14,15],""length"":15,""exteriorPorts"":8,""type"":""unclassified""},{""boxes"":[12],""length"":1,""exteriorPorts"":1,""type"":""unclassified""}]","{""estimate"":-1,""exact"":false,""requestedDepth"":2,""nodes"":1,""nodeBudget"":74,""cacheHits"":0,""cutoffs"":26}","0.545659999999998","false","","","local"
"60af0697-8368-4c75-b9a4-c206734b242d","765535ae-cbf7-478f-972d-532d1e3ef6ab","37","C4–C5","0","0","0","0","0","13","[{""boxes"":[0,1,2,3,4,5,6,7,8,9,10,11,12,13,14,15],""length"":16,""exteriorPorts"":9,""type"":""unclassified""}]","{""estimate"":0,""exact"":false,""requestedDepth"":2,""nodes"":1,""nodeBudget"":74,""cacheHits"":0,""cutoffs"":26}","0.4234469999999817","false","","","local"
"60af0697-8368-4c75-b9a4-c206734b242d","765535ae-cbf7-478f-972d-532d1e3ef6ab","38","D4–D5","0","0","0","0","0","14","[{""boxes"":[0,1,2,3,4,5,6,7,8,9,10,11,12,13,14,15],""length"":16,""exteriorPorts"":9,""type"":""unclassified""}]","{""estimate"":0,""exact"":false,""requestedDepth"":2,""nodes"":1,""nodeBudget"":74,""cacheHits"":0,""cutoffs"":26}","0.3016540000000134","false","","","local"
"60af0697-8368-4c75-b9a4-c206734b242d","765535ae-cbf7-478f-972d-532d1e3ef6ab","39","E4–E5","0","0","0","0","0","14","[{""boxes"":[0,1,2,3,4,5,6,7,8,9,10,11,12,13,14,15],""length"":16,""exteriorPorts"":8,""type"":""unclassified""}]","{""estimate"":0,""exact"":false,""requestedDepth"":2,""nodes"":1,""nodeBudget"":74,""cacheHits"":0,""cutoffs"":26}","0.2818939999999941","false","","","local"
"60af0697-8368-4c75-b9a4-c206734b242d","aac654a0-68b1-4c84-9ca4-f373ac1c3a0e","7","D2–E2","0","1","0","3","1","12","[{""boxes"":[0],""length"":1,""exteriorPorts"":1,""type"":""unclassified""},{""boxes"":[1,2,3],""length"":3,""exteriorPorts"":1,""type"":""unclassified""},{""boxes"":[4,5,6,7,8,9,10,11,12,13,14,15],""length"":12,""exteriorPorts"":7,""type"":""unclassified""}]","{""estimate"":-5,""exact"":false,""requestedDepth"":2,""nodes"":1,""nodeBudget"":80,""cacheHits"":0,""cutoffs"":24}","1.3618879999999933","false","","","local"
"60af0697-8368-4c75-b9a4-c206734b242d","aac654a0-68b1-4c84-9ca4-f373ac1c3a0e","10","C3–D3","0","0","0","2","1","12","[{""boxes"":[0],""length"":1,""exteriorPorts"":1,""type"":""unclassified""},{""boxes"":[1,2,3,4,5,6,7],""length"":7,""exteriorPorts"":2,""type"":""unclassified""},{""boxes"":[8,9,10,11,12,13,14,15],""length"":8,""exteriorPorts"":6,""type"":""unclassified""}]","{""estimate"":-3,""exact"":false,""requestedDepth"":2,""nodes"":1,""nodeBudget"":80,""cacheHits"":0,""cutoffs"":24}","1.4913319999999999","false","","","local"
"60af0697-8368-4c75-b9a4-c206734b242d","aac654a0-68b1-4c84-9ca4-f373ac1c3a0e","13","B4–C4","0","0","0","2","1","10","[{""boxes"":[0],""length"":1,""exteriorPorts"":1,""type"":""unclassified""},{""boxes"":[1,2,3,4,5,6,7,8,9,10,11,12,13,14,15],""length"":15,""exteriorPorts"":8,""type"":""unclassified""}]","{""estimate"":-3,""exact"":false,""requestedDepth"":2,""nodes"":1,""nodeBudget"":80,""cacheHits"":0,""cutoffs"":24}","1.0866240000000005","false","","","local"
"60af0697-8368-4c75-b9a4-c206734b242d","aac654a0-68b1-4c84-9ca4-f373ac1c3a0e","14","C4–D4","0","0","0","2","1","12","[{""boxes"":[0],""length"":1,""exteriorPorts"":1,""type"":""unclassified""},{""boxes"":[1,2,3,4,5,6,7,8,9,10,11,12,13,14,15],""length"":15,""exteriorPorts"":8,""type"":""unclassified""}]","{""estimate"":-3,""exact"":false,""requestedDepth"":2,""nodes"":1,""nodeBudget"":80,""cacheHits"":0,""cutoffs"":24}","0.9412749999999903","false","","","local"
"60af0697-8368-4c75-b9a4-c206734b242d","aac654a0-68b1-4c84-9ca4-f373ac1c3a0e","15","D4–E4","0","0","0","2","1","10","[{""boxes"":[0],""length"":1,""exteriorPorts"":1,""type"":""unclassified""},{""boxes"":[1,2,3,4,5,6,7,8,9,10,11,12,13,14,15],""length"":15,""exteriorPorts"":8,""type"":""unclassified""}]","{""estimate"":-3,""exact"":false,""requestedDepth"":2,""nodes"":1,""nodeBudget"":80,""cacheHits"":0,""cutoffs"":24}","1.151301000000018","false","","","local"
"60af0697-8368-4c75-b9a4-c206734b242d","aac654a0-68b1-4c84-9ca4-f373ac1c3a0e","18","C5–D5","0","0","0","2","1","12","[{""boxes"":[0],""length"":1,""exteriorPorts"":1,""type"":""unclassified""},{""boxes"":[1,2,3,4,5,6,7,8,9,10,11,12,13,14,15],""length"":15,""exteriorPorts"":7,""type"":""unclassified""}]","{""estimate"":-3,""exact"":false,""requestedDepth"":2,""nodes"":1,""nodeBudget"":80,""cacheHits"":0,""cutoffs"":24}","0.9685259999999971","false","","","local"
"60af0697-8368-4c75-b9a4-c206734b242d","aac654a0-68b1-4c84-9ca4-f373ac1c3a0e","19","D5–E5","0","0","0","2","1","12","[{""boxes"":[0],""length"":1,""exteriorPorts"":1,""type"":""unclassified""},{""boxes"":[1,2,3,4,5,6,7,8,9,10,11,12,13,14,15],""length"":15,""exteriorPorts"":7,""type"":""unclassified""}]","{""estimate"":-3,""exact"":false,""requestedDepth"":2,""nodes"":1,""nodeBudget"":80,""cacheHits"":0,""cutoffs"":24}","1.0569889999999873","false","","","local"
"60af0697-8368-4c75-b9a4-c206734b242d","aac654a0-68b1-4c84-9ca4-f373ac1c3a0e","20","A1–A2","1","0","1","1","0","13","[{""boxes"":[1,2,3,4,5,6,7,8,9,10,11,12,13,14,15],""length"":15,""exteriorPorts"":8,""type"":""unclassified""}]","{""estimate"":3,""exact"":false,""requestedDepth"":2,""nodes"":1,""nodeBudget"":80,""cacheHits"":0,""cutoffs"":24}","0.8051000000000101","true","","","local"
"60af0697-8368-4c75-b9a4-c206734b242d","aac654a0-68b1-4c84-9ca4-f373ac1c3a0e","22","C1–C2","1","1","1","2","0","13","[{""boxes"":[0],""length"":1,""exteriorPorts"":1,""type"":""unclassified""},{""boxes"":[2,3,4,5,6,7,8,9,10,11,12,13,14,15],""length"":14,""exteriorPorts"":8,""type"":""unclassified""}]","{""estimate"":3,""exact"":false,""requestedDepth"":2,""nodes"":1,""nodeBudget"":80,""cacheHits"":0,""cutoffs"":24}","0.7368980000000249","false","","","local"
"60af0697-8368-4c75-b9a4-c206734b242d","aac654a0-68b1-4c84-9ca4-f373ac1c3a0e","23","D1–D2","0","1","0","3","2","12","[{""boxes"":[0],""length"":1,""exteriorPorts"":1,""type"":""unclassified""},{""boxes"":[1,2],""length"":2,""exteriorPorts"":0,""type"":""unclassified""},{""boxes"":[3,4,5,6,7,8,9,10,11,12,13,14,15],""length"":13,""exteriorPorts"":8,""type"":""unclassified""}]","{""estimate"":-3,""exact"":false,""requestedDepth"":2,""nodes"":1,""nodeBudget"":80,""cacheHits"":0,""cutoffs"":24}","0.7736130000000117","false","","","local"
"60af0697-8368-4c75-b9a4-c206734b242d","aac654a0-68b1-4c84-9ca4-f373ac1c3a0e","24","E1–E2","0","0","0","2","1","12","[{""boxes"":[0],""length"":1,""exteriorPorts"":1,""type"":""unclassified""},{""boxes"":[1,2,3,4,5,6,7,8,9,10,11,12,13,14,15],""length"":15,""exteriorPorts"":7,""type"":""unclassified""}]","{""estimate"":-5,""exact"":false,""requestedDepth"":2,""nodes"":1,""nodeBudget"":80,""cacheHits"":0,""cutoffs"":24}","1.3746960000000001","false","","","local"
"60af0697-8368-4c75-b9a4-c206734b242d","aac654a0-68b1-4c84-9ca4-f373ac1c3a0e","25","A2–A3","0","1","0","3","1","13","[{""boxes"":[0],""length"":1,""exteriorPorts"":1,""type"":""unclassified""},{""boxes"":[1,2,3,4,5,6,7,8,9,10,11,12,13,14,15],""length"":15,""exteriorPorts"":7,""type"":""unclassified""}]","{""estimate"":-5,""exact"":false,""requestedDepth"":2,""nodes"":1,""nodeBudget"":80,""cacheHits"":0,""cutoffs"":24}","1.3224579999999833","false","","","local"
"60af0697-8368-4c75-b9a4-c206734b242d","aac654a0-68b1-4c84-9ca4-f373ac1c3a0e","26","B2–B3","0","2","0","4","1","13","[{""boxes"":[0],""length"":1,""exteriorPorts"":1,""type"":""unclassified""},{""boxes"":[1,2,3,5,6,7,8,9,10,11,12,13,14,15],""length"":14,""exteriorPorts"":7,""type"":""unclassified""},{""boxes"":[4],""length"":1,""exteriorPorts"":1,""type"":""unclassified""}]","{""estimate"":-5,""exact"":false,""requestedDepth"":2,""nodes"":1,""nodeBudget"":80,""cacheHits"":0,""cutoffs"":24}","1.2881159999999738","false","","","local"
"60af0697-8368-4c75-b9a4-c206734b242d","aac654a0-68b1-4c84-9ca4-f373ac1c3a0e","27","C2–C3","0","1","0","3","1","12","[{""boxes"":[0],""length"":1,""exteriorPorts"":1,""type"":""unclassified""},{""boxes"":[1,2,3,6,7,8,9,10,11,12,13,14,15],""length"":13,""exteriorPorts"":7,""type"":""unclassified""},{""boxes"":[4,5],""length"":2,""exteriorPorts"":1,""type"":""unclassified""}]","{""estimate"":-5,""exact"":false,""requestedDepth"":2,""nodes"":1,""nodeBudget"":80,""cacheHits"":0,""cutoffs"":24}","1.416138999999987","false","","","local"
"60af0697-8368-4c75-b9a4-c206734b242d","aac654a0-68b1-4c84-9ca4-f373ac1c3a0e","28","D2–D3","0","1","0","3","1","12","[{""boxes"":[0],""length"":1,""exteriorPorts"":1,""type"":""unclassified""},{""boxes"":[1,2,3,7],""length"":4,""exteriorPorts"":1,""type"":""unclassified""},{""boxes"":[4,5,6,8,9,10,11,12,13,14,15],""length"":11,""exteriorPorts"":7,""type"":""unclassified""}]","{""estimate"":-5,""exact"":false,""requestedDepth"":2,""nodes"":1,""nodeBudget"":80,""cacheHits"":0,""cutoffs"":24}","1.293865000000011","false","","","local"
"60af0697-8368-4c75-b9a4-c206734b242d","aac654a0-68b1-4c84-9ca4-f373ac1c3a0e","30","A3–A4","0","1","0","3","1","13","[{""boxes"":[0],""length"":1,""exteriorPorts"":1,""type"":""unclassified""},{""boxes"":[1,2,3,4,5,6,7,8,9,10,11,12,13,14,15],""length"":15,""exteriorPorts"":7,""type"":""unclassified""}]","{""estimate"":-4,""exact"":false,""requestedDepth"":2,""nodes"":1,""nodeBudget"":80,""cacheHits"":0,""cutoffs"":24}","1.211260999999979","false","","","local"
"60af0697-8368-4c75-b9a4-c206734b242d","aac654a0-68b1-4c84-9ca4-f373ac1c3a0e","31","B3–B4","0","1","0","3","1","11","[{""boxes"":[0],""length"":1,""exteriorPorts"":1,""type"":""unclassified""},{""boxes"":[1,2,3,4,5,6,7,9,10,11,12,13,14,15],""length"":14,""exteriorPorts"":7,""type"":""unclassified""},{""boxes"":[8],""length"":1,""exteriorPorts"":1,""type"":""unclassified""}]","{""estimate"":-4,""exact"":false,""requestedDepth"":2,""nodes"":1,""nodeBudget"":80,""cacheHits"":0,""cutoffs"":24}","1.1801440000000127","false","","","local"
"60af0697-8368-4c75-b9a4-c206734b242d","aac654a0-68b1-4c84-9ca4-f373ac1c3a0e","32","C3–C4","0","0","0","2","1","11","[{""boxes"":[0],""length"":1,""exteriorPorts"":1,""type"":""unclassified""},{""boxes"":[1,2,3,4,5,6,7,8,9,10,11,12,13,14,15],""length"":15,""exteriorPorts"":8,""type"":""unclassified""}]","{""estimate"":-3,""exact"":false,""requestedDepth"":2,""nodes"":1,""nodeBudget"":80,""cacheHits"":0,""cutoffs"":24}","0.9176689999999894","false","","","local"
"60af0697-8368-4c75-b9a4-c206734b242d","aac654a0-68b1-4c84-9ca4-f373ac1c3a0e","33","D3–D4","0","0","0","2","1","10","[{""boxes"":[0],""length"":1,""exteriorPorts"":1,""type"":""unclassified""},{""boxes"":[1,2,3,4,5,6,7,8,9,10,11,12,13,14,15],""length"":15,""exteriorPorts"":8,""type"":""unclassified""}]","{""estimate"":-3,""exact"":false,""requestedDepth"":2,""nodes"":1,""nodeBudget"":80,""cacheHits"":0,""cutoffs"":24}","0.9326619999999934","false","","","local"
"60af0697-8368-4c75-b9a4-c206734b242d","aac654a0-68b1-4c84-9ca4-f373ac1c3a0e","34","E3–E4","0","0","0","2","1","10","[{""boxes"":[0],""length"":1,""exteriorPorts"":1,""type"":""unclassified""},{""boxes"":[1,2,3,4,5,6,7,8,9,10,11,12,13,14,15],""length"":15,""exteriorPorts"":7,""type"":""unclassified""}]","{""estimate"":-3,""exact"":false,""requestedDepth"":2,""nodes"":1,""nodeBudget"":80,""cacheHits"":0,""cutoffs"":24}","0.9721909999999809","false","","","local"
"60af0697-8368-4c75-b9a4-c206734b242d","aac654a0-68b1-4c84-9ca4-f373ac1c3a0e","35","A4–A5","0","1","0","3","1","13","[{""boxes"":[0],""length"":1,""exteriorPorts"":1,""type"":""unclassified""},{""boxes"":[1,2,3,4,5,6,7,8,9,10,11,12,13,14,15],""length"":15,""exteriorPorts"":7,""type"":""unclassified""}]","{""estimate"":-4,""exact"":false,""requestedDepth"":2,""nodes"":1,""nodeBudget"":80,""cacheHits"":0,""cutoffs"":24}","1.1464140000000214","false","","","local"
"60af0697-8368-4c75-b9a4-c206734b242d","aac654a0-68b1-4c84-9ca4-f373ac1c3a0e","36","B4–B5","0","1","0","3","1","11","[{""boxes"":[0],""length"":1,""exteriorPorts"":1,""type"":""unclassified""},{""boxes"":[1,2,3,4,5,6,7,8,9,10,11,13,14,15],""length"":14,""exteriorPorts"":7,""type"":""unclassified""},{""boxes"":[12],""length"":1,""exteriorPorts"":1,""type"":""unclassified""}]","{""estimate"":-4,""exact"":false,""requestedDepth"":2,""nodes"":1,""nodeBudget"":80,""cacheHits"":0,""cutoffs"":24}","1.1240300000000047","false","","","local"
"60af0697-8368-4c75-b9a4-c206734b242d","aac654a0-68b1-4c84-9ca4-f373ac1c3a0e","37","C4–C5","0","0","0","2","1","11","[{""boxes"":[0],""length"":1,""exteriorPorts"":1,""type"":""unclassified""},{""boxes"":[1,2,3,4,5,6,7,8,9,10,11,12,13,14,15],""length"":15,""exteriorPorts"":8,""type"":""unclassified""}]","{""estimate"":-3,""exact"":false,""requestedDepth"":2,""nodes"":1,""nodeBudget"":80,""cacheHits"":0,""cutoffs"":24}","0.8682750000000112","false","","","local"
"60af0697-8368-4c75-b9a4-c206734b242d","aac654a0-68b1-4c84-9ca4-f373ac1c3a0e","38","D4–D5","0","0","0","2","1","12","[{""boxes"":[0],""length"":1,""exteriorPorts"":1,""type"":""unclassified""},{""boxes"":[1,2,3,4,5,6,7,8,9,10,11,12,13,14,15],""length"":15,""exteriorPorts"":8,""type"":""unclassified""}]","{""estimate"":-3,""exact"":false,""requestedDepth"":2,""nodes"":1,""nodeBudget"":80,""cacheHits"":0,""cutoffs"":24}","0.9287759999999992","false","","","local"
"60af0697-8368-4c75-b9a4-c206734b242d","aac654a0-68b1-4c84-9ca4-f373ac1c3a0e","39","E4–E5","0","0","0","2","1","12","[{""boxes"":[0],""length"":1,""exteriorPorts"":1,""type"":""unclassified""},{""boxes"":[1,2,3,4,5,6,7,8,9,10,11,12,13,14,15],""length"":15,""exteriorPorts"":7,""type"":""unclassified""}]","{""estimate"":-3,""exact"":false,""requestedDepth"":2,""nodes"":1,""nodeBudget"":80,""cacheHits"":0,""cutoffs"":24}","0.9428669999999784","false","","","local"
"60af0697-8368-4c75-b9a4-c206734b242d","40e35fa3-d572-41c4-bdb8-b28d7ecc91c3","7","D2–E2","0","1","0","2","1","12","[{""boxes"":[1,2,3],""length"":3,""exteriorPorts"":1,""type"":""unclassified""},{""boxes"":[4,5,6,7,8,9,10,11,12,13,14,15],""length"":12,""exteriorPorts"":7,""type"":""unclassified""}]","{""estimate"":-3,""exact"":false,""requestedDepth"":2,""nodes"":1,""nodeBudget"":83,""cacheHits"":0,""cutoffs"":23}","1.1128830000000107","false","","","local"
"60af0697-8368-4c75-b9a4-c206734b242d","40e35fa3-d572-41c4-bdb8-b28d7ecc91c3","10","C3–D3","0","0","0","1","1","12","[{""boxes"":[1,2,3,4,5,6,7],""length"":7,""exteriorPorts"":2,""type"":""unclassified""},{""boxes"":[8,9,10,11,12,13,14,15],""length"":8,""exteriorPorts"":6,""type"":""unclassified""}]","{""estimate"":-1,""exact"":false,""requestedDepth"":2,""nodes"":1,""nodeBudget"":83,""cacheHits"":0,""cutoffs"":23}","0.9294370000000072","false","","","local"
"60af0697-8368-4c75-b9a4-c206734b242d","40e35fa3-d572-41c4-bdb8-b28d7ecc91c3","13","B4–C4","0","0","0","1","1","10","[{""boxes"":[1,2,3,4,5,6,7,8,9,10,11,12,13,14,15],""length"":15,""exteriorPorts"":8,""type"":""unclassified""}]","{""estimate"":-1,""exact"":false,""requestedDepth"":2,""nodes"":1,""nodeBudget"":83,""cacheHits"":0,""cutoffs"":23}","1.3163089999999897","false","","","local"
"60af0697-8368-4c75-b9a4-c206734b242d","40e35fa3-d572-41c4-bdb8-b28d7ecc91c3","14","C4–D4","0","0","0","1","1","12","[{""boxes"":[1,2,3,4,5,6,7,8,9,10,11,12,13,14,15],""length"":15,""exteriorPorts"":8,""type"":""unclassified""}]","{""estimate"":-1,""exact"":false,""requestedDepth"":2,""nodes"":1,""nodeBudget"":83,""cacheHits"":0,""cutoffs"":23}","0.7994809999999859","false","","","local"
"60af0697-8368-4c75-b9a4-c206734b242d","40e35fa3-d572-41c4-bdb8-b28d7ecc91c3","15","D4–E4","0","0","0","1","1","10","[{""boxes"":[1,2,3,4,5,6,7,8,9,10,11,12,13,14,15],""length"":15,""exteriorPorts"":8,""type"":""unclassified""}]","{""estimate"":-1,""exact"":false,""requestedDepth"":2,""nodes"":1,""nodeBudget"":83,""cacheHits"":0,""cutoffs"":23}","0.748784999999998","false","","","local"
"60af0697-8368-4c75-b9a4-c206734b242d","40e35fa3-d572-41c4-bdb8-b28d7ecc91c3","18","C5–D5","0","0","0","1","1","12","[{""boxes"":[1,2,3,4,5,6,7,8,9,10,11,12,13,14,15],""length"":15,""exteriorPorts"":7,""type"":""unclassified""}]","{""estimate"":-1,""exact"":false,""requestedDepth"":2,""nodes"":1,""nodeBudget"":83,""cacheHits"":0,""cutoffs"":23}","1.102057000000002","false","","","local"
"60af0697-8368-4c75-b9a4-c206734b242d","40e35fa3-d572-41c4-bdb8-b28d7ecc91c3","19","D5–E5","0","0","0","1","1","12","[{""boxes"":[1,2,3,4,5,6,7,8,9,10,11,12,13,14,15],""length"":15,""exteriorPorts"":7,""type"":""unclassified""}]","{""estimate"":-1,""exact"":false,""requestedDepth"":2,""nodes"":1,""nodeBudget"":83,""cacheHits"":0,""cutoffs"":23}","0.8398019999999917","false","","","local"
"60af0697-8368-4c75-b9a4-c206734b242d","40e35fa3-d572-41c4-bdb8-b28d7ecc91c3","22","C1–C2","1","1","1","1","0","13","[{""boxes"":[2,3,4,5,6,7,8,9,10,11,12,13,14,15],""length"":14,""exteriorPorts"":8,""type"":""unclassified""}]","{""estimate"":3,""exact"":false,""requestedDepth"":2,""nodes"":1,""nodeBudget"":83,""cacheHits"":0,""cutoffs"":23}","0.5672930000000065","true","","","local"
"60af0697-8368-4c75-b9a4-c206734b242d","40e35fa3-d572-41c4-bdb8-b28d7ecc91c3","23","D1–D2","0","1","0","2","2","12","[{""boxes"":[1,2],""length"":2,""exteriorPorts"":0,""type"":""unclassified""},{""boxes"":[3,4,5,6,7,8,9,10,11,12,13,14,15],""length"":13,""exteriorPorts"":8,""type"":""unclassified""}]","{""estimate"":-1,""exact"":false,""requestedDepth"":2,""nodes"":1,""nodeBudget"":83,""cacheHits"":0,""cutoffs"":23}","0.8133530000000064","false","","","local"
"60af0697-8368-4c75-b9a4-c206734b242d","40e35fa3-d572-41c4-bdb8-b28d7ecc91c3","24","E1–E2","0","0","0","1","1","12","[{""boxes"":[1,2,3,4,5,6,7,8,9,10,11,12,13,14,15],""length"":15,""exteriorPorts"":7,""type"":""unclassified""}]","{""estimate"":-3,""exact"":false,""requestedDepth"":2,""nodes"":1,""nodeBudget"":83,""cacheHits"":0,""cutoffs"":23}","1.0664329999999893","false","","","local"
"60af0697-8368-4c75-b9a4-c206734b242d","40e35fa3-d572-41c4-bdb8-b28d7ecc91c3","25","A2–A3","0","1","0","2","1","13","[{""boxes"":[1,2,3,4,5,6,7,8,9,10,11,12,13,14,15],""length"":15,""exteriorPorts"":7,""type"":""unclassified""}]","{""estimate"":-3,""exact"":false,""requestedDepth"":2,""nodes"":1,""nodeBudget"":83,""cacheHits"":0,""cutoffs"":23}","1.0878649999999936","false","","","local"
"60af0697-8368-4c75-b9a4-c206734b242d","40e35fa3-d572-41c4-bdb8-b28d7ecc91c3","26","B2–B3","0","2","0","3","1","13","[{""boxes"":[1,2,3,5,6,7,8,9,10,11,12,13,14,15],""length"":14,""exteriorPorts"":7,""type"":""unclassified""},{""boxes"":[4],""length"":1,""exteriorPorts"":1,""type"":""unclassified""}]","{""estimate"":-3,""exact"":false,""requestedDepth"":2,""nodes"":1,""nodeBudget"":83,""cacheHits"":0,""cutoffs"":23}","1.2921929999999975","false","","","local"
"60af0697-8368-4c75-b9a4-c206734b242d","40e35fa3-d572-41c4-bdb8-b28d7ecc91c3","27","C2–C3","0","1","0","2","1","12","[{""boxes"":[1,2,3,6,7,8,9,10,11,12,13,14,15],""length"":13,""exteriorPorts"":7,""type"":""unclassified""},{""boxes"":[4,5],""length"":2,""exteriorPorts"":1,""type"":""unclassified""}]","{""estimate"":-3,""exact"":false,""requestedDepth"":2,""nodes"":1,""nodeBudget"":83,""cacheHits"":0,""cutoffs"":23}","1.1047199999999862","false","","","local"
"60af0697-8368-4c75-b9a4-c206734b242d","40e35fa3-d572-41c4-bdb8-b28d7ecc91c3","28","D2–D3","0","1","0","2","1","12","[{""boxes"":[1,2,3,7],""length"":4,""exteriorPorts"":1,""type"":""unclassified""},{""boxes"":[4,5,6,8,9,10,11,12,13,14,15],""length"":11,""exteriorPorts"":7,""type"":""unclassified""}]","{""estimate"":-3,""exact"":false,""requestedDepth"":2,""nodes"":1,""nodeBudget"":83,""cacheHits"":0,""cutoffs"":23}","1.2587419999999838","false","","","local"
"60af0697-8368-4c75-b9a4-c206734b242d","40e35fa3-d572-41c4-bdb8-b28d7ecc91c3","30","A3–A4","0","1","0","2","1","13","[{""boxes"":[1,2,3,4,5,6,7,8,9,10,11,12,13,14,15],""length"":15,""exteriorPorts"":7,""type"":""unclassified""}]","{""estimate"":-2,""exact"":false,""requestedDepth"":2,""nodes"":1,""nodeBudget"":83,""cacheHits"":0,""cutoffs"":23}","0.9186509999999828","false","","","local"
"60af0697-8368-4c75-b9a4-c206734b242d","40e35fa3-d572-41c4-bdb8-b28d7ecc91c3","31","B3–B4","0","1","0","2","1","11","[{""boxes"":[1,2,3,4,5,6,7,9,10,11,12,13,14,15],""length"":14,""exteriorPorts"":7,""type"":""unclassified""},{""boxes"":[8],""length"":1,""exteriorPorts"":1,""type"":""unclassified""}]","{""estimate"":-2,""exact"":false,""requestedDepth"":2,""nodes"":1,""nodeBudget"":83,""cacheHits"":0,""cutoffs"":23}","0.7990010000000041","false","","","local"
"60af0697-8368-4c75-b9a4-c206734b242d","40e35fa3-d572-41c4-bdb8-b28d7ecc91c3","32","C3–C4","0","0","0","1","1","11","[{""boxes"":[1,2,3,4,5,6,7,8,9,10,11,12,13,14,15],""length"":15,""exteriorPorts"":8,""type"":""unclassified""}]","{""estimate"":-1,""exact"":false,""requestedDepth"":2,""nodes"":1,""nodeBudget"":83,""cacheHits"":0,""cutoffs"":23}","1.0131730000000232","false","","","local"
"60af0697-8368-4c75-b9a4-c206734b242d","40e35fa3-d572-41c4-bdb8-b28d7ecc91c3","33","D3–D4","0","0","0","1","1","10","[{""boxes"":[1,2,3,4,5,6,7,8,9,10,11,12,13,14,15],""length"":15,""exteriorPorts"":8,""type"":""unclassified""}]","{""estimate"":-1,""exact"":false,""requestedDepth"":2,""nodes"":1,""nodeBudget"":83,""cacheHits"":0,""cutoffs"":23}","0.6160360000000082","false","","","local"
"60af0697-8368-4c75-b9a4-c206734b242d","40e35fa3-d572-41c4-bdb8-b28d7ecc91c3","34","E3–E4","0","0","0","1","1","10","[{""boxes"":[1,2,3,4,5,6,7,8,9,10,11,12,13,14,15],""length"":15,""exteriorPorts"":7,""type"":""unclassified""}]","{""estimate"":-1,""exact"":false,""requestedDepth"":2,""nodes"":1,""nodeBudget"":83,""cacheHits"":0,""cutoffs"":23}","0.9115899999999897","false","","","local"
"60af0697-8368-4c75-b9a4-c206734b242d","40e35fa3-d572-41c4-bdb8-b28d7ecc91c3","35","A4–A5","0","1","0","2","1","13","[{""boxes"":[1,2,3,4,5,6,7,8,9,10,11,12,13,14,15],""length"":15,""exteriorPorts"":7,""type"":""unclassified""}]","{""estimate"":-2,""exact"":false,""requestedDepth"":2,""nodes"":1,""nodeBudget"":83,""cacheHits"":0,""cutoffs"":23}","0.9086259999999982","false","","","local"
"60af0697-8368-4c75-b9a4-c206734b242d","40e35fa3-d572-41c4-bdb8-b28d7ecc91c3","36","B4–B5","0","1","0","2","1","11","[{""boxes"":[1,2,3,4,5,6,7,8,9,10,11,13,14,15],""length"":14,""exteriorPorts"":7,""type"":""unclassified""},{""boxes"":[12],""length"":1,""exteriorPorts"":1,""type"":""unclassified""}]","{""estimate"":-2,""exact"":false,""requestedDepth"":2,""nodes"":1,""nodeBudget"":83,""cacheHits"":0,""cutoffs"":23}","0.7884850000000085","false","","","local"
"60af0697-8368-4c75-b9a4-c206734b242d","40e35fa3-d572-41c4-bdb8-b28d7ecc91c3","37","C4–C5","0","0","0","1","1","11","[{""boxes"":[1,2,3,4,5,6,7,8,9,10,11,12,13,14,15],""length"":15,""exteriorPorts"":8,""type"":""unclassified""}]","{""estimate"":-1,""exact"":false,""requestedDepth"":2,""nodes"":1,""nodeBudget"":83,""cacheHits"":0,""cutoffs"":23}","0.7518799999999999","false","","","local"
"60af0697-8368-4c75-b9a4-c206734b242d","40e35fa3-d572-41c4-bdb8-b28d7ecc91c3","38","D4–D5","0","0","0","1","1","12","[{""boxes"":[1,2,3,4,5,6,7,8,9,10,11,12,13,14,15],""length"":15,""exteriorPorts"":8,""type"":""unclassified""}]","{""estimate"":-1,""exact"":false,""requestedDepth"":2,""nodes"":1,""nodeBudget"":83,""cacheHits"":0,""cutoffs"":23}","0.5918489999999963","false","","","local"
"60af0697-8368-4c75-b9a4-c206734b242d","40e35fa3-d572-41c4-bdb8-b28d7ecc91c3","39","E4–E5","0","0","0","1","1","12","[{""boxes"":[1,2,3,4,5,6,7,8,9,10,11,12,13,14,15],""length"":15,""exteriorPorts"":7,""type"":""unclassified""}]","{""estimate"":-1,""exact"":false,""requestedDepth"":2,""nodes"":1,""nodeBudget"":83,""cacheHits"":0,""cutoffs"":23}","0.7588709999999992","false","","","local"
"60af0697-8368-4c75-b9a4-c206734b242d","b1602ad5-45aa-412c-837a-9e2e03661fca","7","D2–E2","0","1","0","2","1","12","[{""boxes"":[2,3],""length"":2,""exteriorPorts"":1,""type"":""unclassified""},{""boxes"":[4,5,6,7,8,9,10,11,12,13,14,15],""length"":12,""exteriorPorts"":7,""type"":""unclassified""}]","{""estimate"":-1,""exact"":false,""requestedDepth"":2,""nodes"":1,""nodeBudget"":86,""cacheHits"":0,""cutoffs"":22}","0.7766680000000008","false","","","local"
"60af0697-8368-4c75-b9a4-c206734b242d","b1602ad5-45aa-412c-837a-9e2e03661fca","10","C3–D3","0","0","0","1","1","12","[{""boxes"":[2,3,4,5,6,7],""length"":6,""exteriorPorts"":2,""type"":""unclassified""},{""boxes"":[8,9,10,11,12,13,14,15],""length"":8,""exteriorPorts"":6,""type"":""unclassified""}]","{""estimate"":1,""exact"":false,""requestedDepth"":2,""nodes"":1,""nodeBudget"":86,""cacheHits"":0,""cutoffs"":22}","0.6518599999999992","false","","","local"
"60af0697-8368-4c75-b9a4-c206734b242d","b1602ad5-45aa-412c-837a-9e2e03661fca","13","B4–C4","0","0","0","1","1","10","[{""boxes"":[2,3,4,5,6,7,8,9,10,11,12,13,14,15],""length"":14,""exteriorPorts"":8,""type"":""unclassified""}]","{""estimate"":1,""exact"":false,""requestedDepth"":2,""nodes"":1,""nodeBudget"":86,""cacheHits"":0,""cutoffs"":22}","0.49835899999999356","false","","","local"
"60af0697-8368-4c75-b9a4-c206734b242d","b1602ad5-45aa-412c-837a-9e2e03661fca","14","C4–D4","0","0","0","1","1","12","[{""boxes"":[2,3,4,5,6,7,8,9,10,11,12,13,14,15],""length"":14,""exteriorPorts"":8,""type"":""unclassified""}]","{""estimate"":1,""exact"":false,""requestedDepth"":2,""nodes"":1,""nodeBudget"":86,""cacheHits"":0,""cutoffs"":22}","0.5156550000000095","false","","","local"
"60af0697-8368-4c75-b9a4-c206734b242d","b1602ad5-45aa-412c-837a-9e2e03661fca","15","D4–E4","0","0","0","1","1","10","[{""boxes"":[2,3,4,5,6,7,8,9,10,11,12,13,14,15],""length"":14,""exteriorPorts"":8,""type"":""unclassified""}]","{""estimate"":1,""exact"":false,""requestedDepth"":2,""nodes"":1,""nodeBudget"":86,""cacheHits"":0,""cutoffs"":22}","0.4287750000000017","false","","","local"
"60af0697-8368-4c75-b9a4-c206734b242d","b1602ad5-45aa-412c-837a-9e2e03661fca","18","C5–D5","0","0","0","1","1","12","[{""boxes"":[2,3,4,5,6,7,8,9,10,11,12,13,14,15],""length"":14,""exteriorPorts"":7,""type"":""unclassified""}]","{""estimate"":1,""exact"":false,""requestedDepth"":2,""nodes"":1,""nodeBudget"":86,""cacheHits"":0,""cutoffs"":22}","0.40276499999998805","false","","","local"
"60af0697-8368-4c75-b9a4-c206734b242d","b1602ad5-45aa-412c-837a-9e2e03661fca","19","D5–E5","0","0","0","1","1","12","[{""boxes"":[2,3,4,5,6,7,8,9,10,11,12,13,14,15],""length"":14,""exteriorPorts"":7,""type"":""unclassified""}]","{""estimate"":1,""exact"":false,""requestedDepth"":2,""nodes"":1,""nodeBudget"":86,""cacheHits"":0,""cutoffs"":22}","0.49402200000000107","false","","","local"
"60af0697-8368-4c75-b9a4-c206734b242d","b1602ad5-45aa-412c-837a-9e2e03661fca","23","D1–D2","1","0","1","0","0","12","[{""boxes"":[3,4,5,6,7,8,9,10,11,12,13,14,15],""length"":13,""exteriorPorts"":8,""type"":""unclassified""}]","{""estimate"":3,""exact"":false,""requestedDepth"":2,""nodes"":1,""nodeBudget"":86,""cacheHits"":0,""cutoffs"":22}","0.46110299999998006","true","","","local"
"60af0697-8368-4c75-b9a4-c206734b242d","b1602ad5-45aa-412c-837a-9e2e03661fca","24","E1–E2","0","0","0","1","1","12","[{""boxes"":[2,3,4,5,6,7,8,9,10,11,12,13,14,15],""length"":14,""exteriorPorts"":7,""type"":""unclassified""}]","{""estimate"":-1,""exact"":false,""requestedDepth"":2,""nodes"":1,""nodeBudget"":86,""cacheHits"":0,""cutoffs"":22}","0.8264629999999897","false","","","local"
"60af0697-8368-4c75-b9a4-c206734b242d","b1602ad5-45aa-412c-837a-9e2e03661fca","25","A2–A3","0","1","0","2","1","13","[{""boxes"":[2,3,4,5,6,7,8,9,10,11,12,13,14,15],""length"":14,""exteriorPorts"":7,""type"":""unclassified""}]","{""estimate"":-1,""exact"":false,""requestedDepth"":2,""nodes"":1,""nodeBudget"":86,""cacheHits"":0,""cutoffs"":22}","0.7454400000000021","false","","","local"
"60af0697-8368-4c75-b9a4-c206734b242d","b1602ad5-45aa-412c-837a-9e2e03661fca","26","B2–B3","0","2","0","3","1","13","[{""boxes"":[2,3,5,6,7,8,9,10,11,12,13,14,15],""length"":13,""exteriorPorts"":7,""type"":""unclassified""},{""boxes"":[4],""length"":1,""exteriorPorts"":1,""type"":""unclassified""}]","{""estimate"":-1,""exact"":false,""requestedDepth"":2,""nodes"":1,""nodeBudget"":86,""cacheHits"":0,""cutoffs"":22}","0.9039089999999987","false","","","local"
"60af0697-8368-4c75-b9a4-c206734b242d","b1602ad5-45aa-412c-837a-9e2e03661fca","27","C2–C3","0","1","0","2","1","12","[{""boxes"":[2,3,6,7,8,9,10,11,12,13,14,15],""length"":12,""exteriorPorts"":7,""type"":""unclassified""},{""boxes"":[4,5],""length"":2,""exteriorPorts"":1,""type"":""unclassified""}]","{""estimate"":-1,""exact"":false,""requestedDepth"":2,""nodes"":1,""nodeBudget"":86,""cacheHits"":0,""cutoffs"":22}","0.703597000000002","false","","","local"
"60af0697-8368-4c75-b9a4-c206734b242d","b1602ad5-45aa-412c-837a-9e2e03661fca","28","D2–D3","0","1","0","2","1","12","[{""boxes"":[2,3,7],""length"":3,""exteriorPorts"":1,""type"":""unclassified""},{""boxes"":[4,5,6,8,9,10,11,12,13,14,15],""length"":11,""exteriorPorts"":7,""type"":""unclassified""}]","{""estimate"":-1,""exact"":false,""requestedDepth"":2,""nodes"":1,""nodeBudget"":86,""cacheHits"":0,""cutoffs"":22}","0.7952559999999949","false","","","local"
"60af0697-8368-4c75-b9a4-c206734b242d","b1602ad5-45aa-412c-837a-9e2e03661fca","30","A3–A4","0","1","0","2","1","13","[{""boxes"":[2,3,4,5,6,7,8,9,10,11,12,13,14,15],""length"":14,""exteriorPorts"":7,""type"":""unclassified""}]","{""estimate"":0,""exact"":false,""requestedDepth"":2,""nodes"":1,""nodeBudget"":86,""cacheHits"":0,""cutoffs"":22}","0.650888000000009","false","","","local"
"60af0697-8368-4c75-b9a4-c206734b242d","b1602ad5-45aa-412c-837a-9e2e03661fca","31","B3–B4","0","1","0","2","1","11","[{""boxes"":[2,3,4,5,6,7,9,10,11,12,13,14,15],""length"":13,""exteriorPorts"":7,""type"":""unclassified""},{""boxes"":[8],""length"":1,""exteriorPorts"":1,""type"":""unclassified""}]","{""estimate"":0,""exact"":false,""requestedDepth"":2,""nodes"":1,""nodeBudget"":86,""cacheHits"":0,""cutoffs"":22}","0.5493959999999731","false","","","local"
"60af0697-8368-4c75-b9a4-c206734b242d","b1602ad5-45aa-412c-837a-9e2e03661fca","32","C3–C4","0","0","0","1","1","11","[{""boxes"":[2,3,4,5,6,7,8,9,10,11,12,13,14,15],""length"":14,""exteriorPorts"":8,""type"":""unclassified""}]","{""estimate"":1,""exact"":false,""requestedDepth"":2,""nodes"":1,""nodeBudget"":86,""cacheHits"":0,""cutoffs"":22}","0.5865520000000117","false","","","local"
"60af0697-8368-4c75-b9a4-c206734b242d","b1602ad5-45aa-412c-837a-9e2e03661fca","33","D3–D4","0","0","0","1","1","10","[{""boxes"":[2,3,4,5,6,7,8,9,10,11,12,13,14,15],""length"":14,""exteriorPorts"":8,""type"":""unclassified""}]","{""estimate"":1,""exact"":false,""requestedDepth"":2,""nodes"":1,""nodeBudget"":86,""cacheHits"":0,""cutoffs"":22}","0.5427359999999908","false","","","local"
"60af0697-8368-4c75-b9a4-c206734b242d","b1602ad5-45aa-412c-837a-9e2e03661fca","34","E3–E4","0","0","0","1","1","10","[{""boxes"":[2,3,4,5,6,7,8,9,10,11,12,13,14,15],""length"":14,""exteriorPorts"":7,""type"":""unclassified""}]","{""estimate"":1,""exact"":false,""requestedDepth"":2,""nodes"":1,""nodeBudget"":86,""cacheHits"":0,""cutoffs"":22}","0.41372200000000703","false","","","local"
"60af0697-8368-4c75-b9a4-c206734b242d","b1602ad5-45aa-412c-837a-9e2e03661fca","35","A4–A5","0","1","0","2","1","13","[{""boxes"":[2,3,4,5,6,7,8,9,10,11,12,13,14,15],""length"":14,""exteriorPorts"":7,""type"":""unclassified""}]","{""estimate"":0,""exact"":false,""requestedDepth"":2,""nodes"":1,""nodeBudget"":86,""cacheHits"":0,""cutoffs"":22}","0.6600930000000176","false","","","local"
"60af0697-8368-4c75-b9a4-c206734b242d","b1602ad5-45aa-412c-837a-9e2e03661fca","36","B4–B5","0","1","0","2","1","11","[{""boxes"":[2,3,4,5,6,7,8,9,10,11,13,14,15],""length"":13,""exteriorPorts"":7,""type"":""unclassified""},{""boxes"":[12],""length"":1,""exteriorPorts"":1,""type"":""unclassified""}]","{""estimate"":0,""exact"":false,""requestedDepth"":2,""nodes"":1,""nodeBudget"":86,""cacheHits"":0,""cutoffs"":22}","0.5463110000000029","false","","","local"
"60af0697-8368-4c75-b9a4-c206734b242d","b1602ad5-45aa-412c-837a-9e2e03661fca","37","C4–C5","0","0","0","1","1","11","[{""boxes"":[2,3,4,5,6,7,8,9,10,11,12,13,14,15],""length"":14,""exteriorPorts"":8,""type"":""unclassified""}]","{""estimate"":1,""exact"":false,""requestedDepth"":2,""nodes"":1,""nodeBudget"":86,""cacheHits"":0,""cutoffs"":22}","0.5160050000000069","false","","","local"
"60af0697-8368-4c75-b9a4-c206734b242d","b1602ad5-45aa-412c-837a-9e2e03661fca","38","D4–D5","0","0","0","1","1","12","[{""boxes"":[2,3,4,5,6,7,8,9,10,11,12,13,14,15],""length"":14,""exteriorPorts"":8,""type"":""unclassified""}]","{""estimate"":1,""exact"":false,""requestedDepth"":2,""nodes"":1,""nodeBudget"":86,""cacheHits"":0,""cutoffs"":22}","0.38991699999999696","false","","","local"
"60af0697-8368-4c75-b9a4-c206734b242d","b1602ad5-45aa-412c-837a-9e2e03661fca","39","E4–E5","0","0","0","1","1","12","[{""boxes"":[2,3,4,5,6,7,8,9,10,11,12,13,14,15],""length"":14,""exteriorPorts"":7,""type"":""unclassified""}]","{""estimate"":1,""exact"":false,""requestedDepth"":2,""nodes"":1,""nodeBudget"":86,""cacheHits"":0,""cutoffs"":22}","0.48983599999999683","false","","","local"
"60af0697-8368-4c75-b9a4-c206734b242d","c435aa9c-a5e9-4dcf-bb44-96300fb5d4b5","7","D2–E2","0","2","0","2","1","12","[{""boxes"":[3],""length"":1,""exteriorPorts"":1,""type"":""unclassified""},{""boxes"":[4,5,6,7,8,9,10,11,12,13,14,15],""length"":12,""exteriorPorts"":7,""type"":""unclassified""}]","{""estimate"":1,""exact"":false,""requestedDepth"":2,""nodes"":1,""nodeBudget"":90,""cacheHits"":0,""cutoffs"":21}","0.5883939999999939","false","","","local"
"60af0697-8368-4c75-b9a4-c206734b242d","c435aa9c-a5e9-4dcf-bb44-96300fb5d4b5","10","C3–D3","0","0","0","0","0","11","[{""boxes"":[3,4,5,6,7],""length"":5,""exteriorPorts"":2,""type"":""chain""},{""boxes"":[8,9,10,11,12,13,14,15],""length"":8,""exteriorPorts"":6,""type"":""unclassified""}]","{""estimate"":3,""exact"":false,""requestedDepth"":2,""nodes"":1,""nodeBudget"":90,""cacheHits"":0,""cutoffs"":21}","0.4864910000000009","true","","","local"
"60af0697-8368-4c75-b9a4-c206734b242d","c435aa9c-a5e9-4dcf-bb44-96300fb5d4b5","13","B4–C4","0","0","0","0","0","9","[{""boxes"":[3,4,5,6,7,8,9,10,11,12,13,14,15],""length"":13,""exteriorPorts"":8,""type"":""unclassified""}]","{""estimate"":3,""exact"":false,""requestedDepth"":2,""nodes"":1,""nodeBudget"":90,""cacheHits"":0,""cutoffs"":21}","0.28722199999998566","false","","","local"
"60af0697-8368-4c75-b9a4-c206734b242d","c435aa9c-a5e9-4dcf-bb44-96300fb5d4b5","14","C4–D4","0","0","0","0","0","11","[{""boxes"":[3,4,5,6,7,8,9,10,11,12,13,14,15],""length"":13,""exteriorPorts"":8,""type"":""unclassified""}]","{""estimate"":3,""exact"":false,""requestedDepth"":2,""nodes"":1,""nodeBudget"":90,""cacheHits"":0,""cutoffs"":21}","0.20335499999998774","false","","","local"
"60af0697-8368-4c75-b9a4-c206734b242d","c435aa9c-a5e9-4dcf-bb44-96300fb5d4b5","15","D4–E4","0","0","0","0","0","9","[{""boxes"":[3,4,5,6,7,8,9,10,11,12,13,14,15],""length"":13,""exteriorPorts"":8,""type"":""unclassified""}]","{""estimate"":3,""exact"":false,""requestedDepth"":2,""nodes"":1,""nodeBudget"":90,""cacheHits"":0,""cutoffs"":21}","0.2179270000000031","false","","","local"
"60af0697-8368-4c75-b9a4-c206734b242d","c435aa9c-a5e9-4dcf-bb44-96300fb5d4b5","18","C5–D5","0","0","0","0","0","11","[{""boxes"":[3,4,5,6,7,8,9,10,11,12,13,14,15],""length"":13,""exteriorPorts"":7,""type"":""unclassified""}]","{""estimate"":3,""exact"":false,""requestedDepth"":2,""nodes"":1,""nodeBudget"":90,""cacheHits"":0,""cutoffs"":21}","0.3398510000000101","false","","","local"
"60af0697-8368-4c75-b9a4-c206734b242d","c435aa9c-a5e9-4dcf-bb44-96300fb5d4b5","19","D5–E5","0","0","0","0","0","11","[{""boxes"":[3,4,5,6,7,8,9,10,11,12,13,14,15],""length"":13,""exteriorPorts"":7,""type"":""unclassified""}]","{""estimate"":3,""exact"":false,""requestedDepth"":2,""nodes"":1,""nodeBudget"":90,""cacheHits"":0,""cutoffs"":21}","0.20839300000000094","false","","","local"
"60af0697-8368-4c75-b9a4-c206734b242d","c435aa9c-a5e9-4dcf-bb44-96300fb5d4b5","24","E1–E2","0","1","0","1","1","12","[{""boxes"":[3,4,5,6,7,8,9,10,11,12,13,14,15],""length"":13,""exteriorPorts"":7,""type"":""unclassified""}]","{""estimate"":1,""exact"":false,""requestedDepth"":2,""nodes"":1,""nodeBudget"":90,""cacheHits"":0,""cutoffs"":21}","0.5948950000000082","false","","","local"
"60af0697-8368-4c75-b9a4-c206734b242d","c435aa9c-a5e9-4dcf-bb44-96300fb5d4b5","25","A2–A3","0","1","0","1","1","12","[{""boxes"":[3,4,5,6,7,8,9,10,11,12,13,14,15],""length"":13,""exteriorPorts"":7,""type"":""unclassified""}]","{""estimate"":1,""exact"":false,""requestedDepth"":2,""nodes"":1,""nodeBudget"":90,""cacheHits"":0,""cutoffs"":21}","0.7759259999999983","false","","","local"
"60af0697-8368-4c75-b9a4-c206734b242d","c435aa9c-a5e9-4dcf-bb44-96300fb5d4b5","26","B2–B3","0","2","0","2","1","12","[{""boxes"":[3,5,6,7,8,9,10,11,12,13,14,15],""length"":12,""exteriorPorts"":7,""type"":""unclassified""},{""boxes"":[4],""length"":1,""exteriorPorts"":1,""type"":""unclassified""}]","{""estimate"":1,""exact"":false,""requestedDepth"":2,""nodes"":1,""nodeBudget"":90,""cacheHits"":0,""cutoffs"":21}","0.6166069999999877","false","","","local"
"60af0697-8368-4c75-b9a4-c206734b242d","c435aa9c-a5e9-4dcf-bb44-96300fb5d4b5","27","C2–C3","0","1","0","1","1","11","[{""boxes"":[3,6,7,8,9,10,11,12,13,14,15],""length"":11,""exteriorPorts"":7,""type"":""unclassified""},{""boxes"":[4,5],""length"":2,""exteriorPorts"":1,""type"":""unclassified""}]","{""estimate"":1,""exact"":false,""requestedDepth"":2,""nodes"":1,""nodeBudget"":90,""cacheHits"":0,""cutoffs"":21}","0.6011039999999923","false","","","local"
"60af0697-8368-4c75-b9a4-c206734b242d","c435aa9c-a5e9-4dcf-bb44-96300fb5d4b5","28","D2–D3","0","1","0","1","1","11","[{""boxes"":[3,7],""length"":2,""exteriorPorts"":1,""type"":""unclassified""},{""boxes"":[4,5,6,8,9,10,11,12,13,14,15],""length"":11,""exteriorPorts"":7,""type"":""unclassified""}]","{""estimate"":1,""exact"":false,""requestedDepth"":2,""nodes"":1,""nodeBudget"":90,""cacheHits"":0,""cutoffs"":21}","0.5061910000000012","false","","","local"
"60af0697-8368-4c75-b9a4-c206734b242d","c435aa9c-a5e9-4dcf-bb44-96300fb5d4b5","30","A3–A4","0","1","0","1","1","12","[{""boxes"":[3,4,5,6,7,8,9,10,11,12,13,14,15],""length"":13,""exteriorPorts"":7,""type"":""unclassified""}]","{""estimate"":2,""exact"":false,""requestedDepth"":2,""nodes"":1,""nodeBudget"":90,""cacheHits"":0,""cutoffs"":21}","0.4555650000000071","false","","","local"
"60af0697-8368-4c75-b9a4-c206734b242d","c435aa9c-a5e9-4dcf-bb44-96300fb5d4b5","31","B3–B4","0","1","0","1","1","10","[{""boxes"":[3,4,5,6,7,9,10,11,12,13,14,15],""length"":12,""exteriorPorts"":7,""type"":""unclassified""},{""boxes"":[8],""length"":1,""exteriorPorts"":1,""type"":""unclassified""}]","{""estimate"":2,""exact"":false,""requestedDepth"":2,""nodes"":1,""nodeBudget"":90,""cacheHits"":0,""cutoffs"":21}","0.5171370000000195","false","","","local"
"60af0697-8368-4c75-b9a4-c206734b242d","c435aa9c-a5e9-4dcf-bb44-96300fb5d4b5","32","C3–C4","0","0","0","0","0","10","[{""boxes"":[3,4,5,6,7,8,9,10,11,12,13,14,15],""length"":13,""exteriorPorts"":8,""type"":""unclassified""}]","{""estimate"":3,""exact"":false,""requestedDepth"":2,""nodes"":1,""nodeBudget"":90,""cacheHits"":0,""cutoffs"":21}","0.24201400000001172","false","","","local"
"60af0697-8368-4c75-b9a4-c206734b242d","c435aa9c-a5e9-4dcf-bb44-96300fb5d4b5","33","D3–D4","0","0","0","0","0","9","[{""boxes"":[3,4,5,6,7,8,9,10,11,12,13,14,15],""length"":13,""exteriorPorts"":8,""type"":""unclassified""}]","{""estimate"":3,""exact"":false,""requestedDepth"":2,""nodes"":1,""nodeBudget"":90,""cacheHits"":0,""cutoffs"":21}","0.23705600000002391","false","","","local"
"60af0697-8368-4c75-b9a4-c206734b242d","c435aa9c-a5e9-4dcf-bb44-96300fb5d4b5","34","E3–E4","0","0","0","0","0","9","[{""boxes"":[3,4,5,6,7,8,9,10,11,12,13,14,15],""length"":13,""exteriorPorts"":7,""type"":""unclassified""}]","{""estimate"":3,""exact"":false,""requestedDepth"":2,""nodes"":1,""nodeBudget"":90,""cacheHits"":0,""cutoffs"":21}","0.23605500000002166","false","","","local"
"60af0697-8368-4c75-b9a4-c206734b242d","c435aa9c-a5e9-4dcf-bb44-96300fb5d4b5","35","A4–A5","0","1","0","1","1","12","[{""boxes"":[3,4,5,6,7,8,9,10,11,12,13,14,15],""length"":13,""exteriorPorts"":7,""type"":""unclassified""}]","{""estimate"":2,""exact"":false,""requestedDepth"":2,""nodes"":1,""nodeBudget"":90,""cacheHits"":0,""cutoffs"":21}","0.4492050000000063","false","","","local"
"60af0697-8368-4c75-b9a4-c206734b242d","c435aa9c-a5e9-4dcf-bb44-96300fb5d4b5","36","B4–B5","0","1","0","1","1","10","[{""boxes"":[3,4,5,6,7,8,9,10,11,13,14,15],""length"":12,""exteriorPorts"":7,""type"":""unclassified""},{""boxes"":[12],""length"":1,""exteriorPorts"":1,""type"":""unclassified""}]","{""estimate"":2,""exact"":false,""requestedDepth"":2,""nodes"":1,""nodeBudget"":90,""cacheHits"":0,""cutoffs"":21}","0.4172370000000001","false","","","local"
"60af0697-8368-4c75-b9a4-c206734b242d","c435aa9c-a5e9-4dcf-bb44-96300fb5d4b5","37","C4–C5","0","0","0","0","0","10","[{""boxes"":[3,4,5,6,7,8,9,10,11,12,13,14,15],""length"":13,""exteriorPorts"":8,""type"":""unclassified""}]","{""estimate"":3,""exact"":false,""requestedDepth"":2,""nodes"":1,""nodeBudget"":90,""cacheHits"":0,""cutoffs"":21}","0.263385999999997","false","","","local"
"60af0697-8368-4c75-b9a4-c206734b242d","c435aa9c-a5e9-4dcf-bb44-96300fb5d4b5","38","D4–D5","0","0","0","0","0","11","[{""boxes"":[3,4,5,6,7,8,9,10,11,12,13,14,15],""length"":13,""exteriorPorts"":8,""type"":""unclassified""}]","{""estimate"":3,""exact"":false,""requestedDepth"":2,""nodes"":1,""nodeBudget"":90,""cacheHits"":0,""cutoffs"":21}","0.20001099999998928","false","","","local"
"60af0697-8368-4c75-b9a4-c206734b242d","c435aa9c-a5e9-4dcf-bb44-96300fb5d4b5","39","E4–E5","0","0","0","0","0","11","[{""boxes"":[3,4,5,6,7,8,9,10,11,12,13,14,15],""length"":13,""exteriorPorts"":7,""type"":""unclassified""}]","{""estimate"":3,""exact"":false,""requestedDepth"":2,""nodes"":1,""nodeBudget"":90,""cacheHits"":0,""cutoffs"":21}","0.2038169999999866","false","","","local"
"60af0697-8368-4c75-b9a4-c206734b242d","50e4818f-9a90-4fd1-839a-f1c28d1ff4eb","7","D2–E2","0","2","0","2","1","8","[{""boxes"":[3],""length"":1,""exteriorPorts"":1,""type"":""unclassified""},{""boxes"":[4,5,6,7],""length"":4,""exteriorPorts"":1,""type"":""unclassified""},{""boxes"":[8,9,10,11,12,13,14,15],""length"":8,""exteriorPorts"":6,""type"":""unclassified""}]","{""estimate"":-2,""exact"":false,""requestedDepth"":2,""nodes"":1,""nodeBudget"":100,""cacheHits"":0,""cutoffs"":19}","0.7419660000000192","false","","","local"
"60af0697-8368-4c75-b9a4-c206734b242d","50e4818f-9a90-4fd1-839a-f1c28d1ff4eb","13","B4–C4","0","0","0","0","0","5","[{""boxes"":[3,4,5,6,7],""length"":5,""exteriorPorts"":2,""type"":""chain""},{""boxes"":[8,9,10,11,12,13,14,15],""length"":8,""exteriorPorts"":6,""type"":""unclassified""}]","{""estimate"":3,""exact"":false,""requestedDepth"":2,""nodes"":1,""nodeBudget"":100,""cacheHits"":0,""cutoffs"":19}","0.5057209999999941","true","","","local"
"60af0697-8368-4c75-b9a4-c206734b242d","50e4818f-9a90-4fd1-839a-f1c28d1ff4eb","14","C4–D4","0","0","0","0","0","6","[{""boxes"":[3,4,5,6,7],""length"":5,""exteriorPorts"":2,""type"":""chain""},{""boxes"":[8,9,10,11,12,13,14,15],""length"":8,""exteriorPorts"":6,""type"":""unclassified""}]","{""estimate"":3,""exact"":false,""requestedDepth"":2,""nodes"":1,""nodeBudget"":100,""cacheHits"":0,""cutoffs"":19}","0.362844999999993","false","","","local"
"60af0697-8368-4c75-b9a4-c206734b242d","50e4818f-9a90-4fd1-839a-f1c28d1ff4eb","18","C5–D5","0","0","0","0","0","7","[{""boxes"":[3,4,5,6,7],""length"":5,""exteriorPorts"":2,""type"":""chain""},{""boxes"":[8,9,10,11,12,13,14,15],""length"":8,""exteriorPorts"":5,""type"":""unclassified""}]","{""estimate"":3,""exact"":false,""requestedDepth"":2,""nodes"":1,""nodeBudget"":100,""cacheHits"":0,""cutoffs"":19}","0.31244899999998665","false","","","local"
"60af0697-8368-4c75-b9a4-c206734b242d","50e4818f-9a90-4fd1-839a-f1c28d1ff4eb","19","D5–E5","0","0","0","0","0","5","[{""boxes"":[3,4,5,6,7],""length"":5,""exteriorPorts"":2,""type"":""chain""},{""boxes"":[8,9,10,11,12,13,14,15],""length"":8,""exteriorPorts"":5,""type"":""unclassified""}]","{""estimate"":3,""exact"":false,""requestedDepth"":2,""nodes"":1,""nodeBudget"":100,""cacheHits"":0,""cutoffs"":19}","0.33022600000001034","false","","","local"
"60af0697-8368-4c75-b9a4-c206734b242d","50e4818f-9a90-4fd1-839a-f1c28d1ff4eb","24","E1–E2","0","1","0","1","1","8","[{""boxes"":[3,4,5,6,7],""length"":5,""exteriorPorts"":1,""type"":""unclassified""},{""boxes"":[8,9,10,11,12,13,14,15],""length"":8,""exteriorPorts"":6,""type"":""unclassified""}]","{""estimate"":-2,""exact"":false,""requestedDepth"":2,""nodes"":1,""nodeBudget"":100,""cacheHits"":0,""cutoffs"":19}","0.9964879999999994","false","","","local"
"60af0697-8368-4c75-b9a4-c206734b242d","50e4818f-9a90-4fd1-839a-f1c28d1ff4eb","25","A2–A3","0","1","0","1","1","8","[{""boxes"":[3,4,5,6,7],""length"":5,""exteriorPorts"":1,""type"":""unclassified""},{""boxes"":[8,9,10,11,12,13,14,15],""length"":8,""exteriorPorts"":6,""type"":""unclassified""}]","{""estimate"":-2,""exact"":false,""requestedDepth"":2,""nodes"":1,""nodeBudget"":100,""cacheHits"":0,""cutoffs"":19}","0.9717210000000023","false","","","local"
"60af0697-8368-4c75-b9a4-c206734b242d","50e4818f-9a90-4fd1-839a-f1c28d1ff4eb","26","B2–B3","0","2","0","2","1","8","[{""boxes"":[3,5,6,7],""length"":4,""exteriorPorts"":1,""type"":""unclassified""},{""boxes"":[4],""length"":1,""exteriorPorts"":1,""type"":""unclassified""},{""boxes"":[8,9,10,11,12,13,14,15],""length"":8,""exteriorPorts"":6,""type"":""unclassified""}]","{""estimate"":-2,""exact"":false,""requestedDepth"":2,""nodes"":1,""nodeBudget"":100,""cacheHits"":0,""cutoffs"":19}","0.8395019999999818","false","","","local"
"60af0697-8368-4c75-b9a4-c206734b242d","50e4818f-9a90-4fd1-839a-f1c28d1ff4eb","27","C2–C3","0","2","0","2","1","8","[{""boxes"":[3,6,7],""length"":3,""exteriorPorts"":1,""type"":""unclassified""},{""boxes"":[4,5],""length"":2,""exteriorPorts"":1,""type"":""unclassified""},{""boxes"":[8,9,10,11,12,13,14,15],""length"":8,""exteriorPorts"":6,""type"":""unclassified""}]","{""estimate"":-2,""exact"":false,""requestedDepth"":2,""nodes"":1,""nodeBudget"":100,""cacheHits"":0,""cutoffs"":19}","0.7222950000000026","false","","","local"
"60af0697-8368-4c75-b9a4-c206734b242d","50e4818f-9a90-4fd1-839a-f1c28d1ff4eb","28","D2–D3","0","2","0","2","1","8","[{""boxes"":[3,7],""length"":2,""exteriorPorts"":1,""type"":""unclassified""},{""boxes"":[4,5,6],""length"":3,""exteriorPorts"":1,""type"":""unclassified""},{""boxes"":[8,9,10,11,12,13,14,15],""length"":8,""exteriorPorts"":6,""type"":""unclassified""}]","{""estimate"":-2,""exact"":false,""requestedDepth"":2,""nodes"":1,""nodeBudget"":100,""cacheHits"":0,""cutoffs"":19}","0.8114000000000203","false","","","local"
"60af0697-8368-4c75-b9a4-c206734b242d","50e4818f-9a90-4fd1-839a-f1c28d1ff4eb","30","A3–A4","0","1","0","1","1","8","[{""boxes"":[3,4,5,6,7],""length"":5,""exteriorPorts"":2,""type"":""chain""},{""boxes"":[8,9,10,11,12,13,14,15],""length"":8,""exteriorPorts"":5,""type"":""unclassified""}]","{""estimate"":2,""exact"":false,""requestedDepth"":2,""nodes"":1,""nodeBudget"":100,""cacheHits"":0,""cutoffs"":19}","0.4474130000000116","false","","","local"
"60af0697-8368-4c75-b9a4-c206734b242d","50e4818f-9a90-4fd1-839a-f1c28d1ff4eb","31","B3–B4","0","1","0","1","1","6","[{""boxes"":[3,4,5,6,7],""length"":5,""exteriorPorts"":2,""type"":""chain""},{""boxes"":[8],""length"":1,""exteriorPorts"":1,""type"":""unclassified""},{""boxes"":[9,10,11,12,13,14,15],""length"":7,""exteriorPorts"":5,""type"":""unclassified""}]","{""estimate"":2,""exact"":false,""requestedDepth"":2,""nodes"":1,""nodeBudget"":100,""cacheHits"":0,""cutoffs"":19}","0.5437979999999811","false","","","local"
"60af0697-8368-4c75-b9a4-c206734b242d","50e4818f-9a90-4fd1-839a-f1c28d1ff4eb","32","C3–C4","0","0","0","0","0","5","[{""boxes"":[3,4,5,6,7],""length"":5,""exteriorPorts"":2,""type"":""chain""},{""boxes"":[8,9,10,11,12,13,14,15],""length"":8,""exteriorPorts"":6,""type"":""unclassified""}]","{""estimate"":3,""exact"":false,""requestedDepth"":2,""nodes"":1,""nodeBudget"":100,""cacheHits"":0,""cutoffs"":19}","0.3994999999999891","false","","","local"
"60af0697-8368-4c75-b9a4-c206734b242d","50e4818f-9a90-4fd1-839a-f1c28d1ff4eb","33","D3–D4","0","1","0","1","1","6","[{""boxes"":[3,4,5,6,7],""length"":5,""exteriorPorts"":2,""type"":""chain""},{""boxes"":[8,9,10,12,13,14,15],""length"":7,""exteriorPorts"":5,""type"":""unclassified""},{""boxes"":[11],""length"":1,""exteriorPorts"":1,""type"":""unclassified""}]","{""estimate"":2,""exact"":false,""requestedDepth"":2,""nodes"":1,""nodeBudget"":100,""cacheHits"":0,""cutoffs"":19}","0.4570369999999855","false","","","local"
"60af0697-8368-4c75-b9a4-c206734b242d","50e4818f-9a90-4fd1-839a-f1c28d1ff4eb","34","E3–E4","0","1","0","1","1","8","[{""boxes"":[3,4,5,6,7],""length"":5,""exteriorPorts"":2,""type"":""chain""},{""boxes"":[8,9,10,11,12,13,14,15],""length"":8,""exteriorPorts"":5,""type"":""unclassified""}]","{""estimate"":2,""exact"":false,""requestedDepth"":2,""nodes"":1,""nodeBudget"":100,""cacheHits"":0,""cutoffs"":19}","0.5968770000000063","false","","","local"
"60af0697-8368-4c75-b9a4-c206734b242d","50e4818f-9a90-4fd1-839a-f1c28d1ff4eb","35","A4–A5","0","1","0","1","1","8","[{""boxes"":[3,4,5,6,7],""length"":5,""exteriorPorts"":2,""type"":""chain""},{""boxes"":[8,9,10,11,12,13,14,15],""length"":8,""exteriorPorts"":5,""type"":""unclassified""}]","{""estimate"":2,""exact"":false,""requestedDepth"":2,""nodes"":1,""nodeBudget"":100,""cacheHits"":0,""cutoffs"":19}","0.4723799999999869","false","","","local"
"60af0697-8368-4c75-b9a4-c206734b242d","50e4818f-9a90-4fd1-839a-f1c28d1ff4eb","36","B4–B5","0","1","0","1","1","6","[{""boxes"":[3,4,5,6,7],""length"":5,""exteriorPorts"":2,""type"":""chain""},{""boxes"":[8,9,10,11,13,14,15],""length"":7,""exteriorPorts"":5,""type"":""unclassified""},{""boxes"":[12],""length"":1,""exteriorPorts"":1,""type"":""unclassified""}]","{""estimate"":2,""exact"":false,""requestedDepth"":2,""nodes"":1,""nodeBudget"":100,""cacheHits"":0,""cutoffs"":19}","0.5299669999999992","false","","","local"
"60af0697-8368-4c75-b9a4-c206734b242d","50e4818f-9a90-4fd1-839a-f1c28d1ff4eb","37","C4–C5","0","0","0","0","0","6","[{""boxes"":[3,4,5,6,7],""length"":5,""exteriorPorts"":2,""type"":""chain""},{""boxes"":[8,9,10,11,12,13,14,15],""length"":8,""exteriorPorts"":6,""type"":""unclassified""}]","{""estimate"":3,""exact"":false,""requestedDepth"":2,""nodes"":1,""nodeBudget"":100,""cacheHits"":0,""cutoffs"":19}","0.3568559999999934","false","","","local"
"60af0697-8368-4c75-b9a4-c206734b242d","50e4818f-9a90-4fd1-839a-f1c28d1ff4eb","38","D4–D5","0","0","0","0","0","5","[{""boxes"":[3,4,5,6,7],""length"":5,""exteriorPorts"":2,""type"":""chain""},{""boxes"":[8,9,10,11,12,13,14],""length"":7,""exteriorPorts"":4,""type"":""unclassified""},{""boxes"":[15],""length"":1,""exteriorPorts"":2,""type"":""chain""}]","{""estimate"":3,""exact"":false,""requestedDepth"":2,""nodes"":1,""nodeBudget"":100,""cacheHits"":0,""cutoffs"":19}","0.5106069999999931","false","","","local"
"60af0697-8368-4c75-b9a4-c206734b242d","50e4818f-9a90-4fd1-839a-f1c28d1ff4eb","39","E4–E5","0","0","0","0","0","5","[{""boxes"":[3,4,5,6,7],""length"":5,""exteriorPorts"":2,""type"":""chain""},{""boxes"":[8,9,10,11,12,13,14,15],""length"":8,""exteriorPorts"":5,""type"":""unclassified""}]","{""estimate"":3,""exact"":false,""requestedDepth"":2,""nodes"":1,""nodeBudget"":100,""cacheHits"":0,""cutoffs"":19}","0.6916790000000219","false","","","local"
"60af0697-8368-4c75-b9a4-c206734b242d","7399651e-4a3d-48bd-a954-4b97bfe52a57","14","C4–D4","0","0","0","2","1","4","[{""boxes"":[3],""length"":1,""exteriorPorts"":1,""type"":""unclassified""},{""boxes"":[4,5,6,7],""length"":4,""exteriorPorts"":1,""type"":""unclassified""},{""boxes"":[8,9,10,11],""length"":4,""exteriorPorts"":2,""type"":""chain""},{""boxes"":[12,13,14,15],""length"":4,""exteriorPorts"":4,""type"":""unclassified""}]","{""estimate"":-2,""exact"":false,""requestedDepth"":2,""nodes"":1,""nodeBudget"":111,""cacheHits"":0,""cutoffs"":17}","0.8210540000000037","false","","","local"
"60af0697-8368-4c75-b9a4-c206734b242d","7399651e-4a3d-48bd-a954-4b97bfe52a57","18","C5–D5","0","0","0","2","1","4","[{""boxes"":[3],""length"":1,""exteriorPorts"":1,""type"":""unclassified""},{""boxes"":[4,5,6,7],""length"":4,""exteriorPorts"":1,""type"":""unclassified""},{""boxes"":[8,9,10,11,12,13,14,15],""length"":8,""exteriorPorts"":5,""type"":""unclassified""}]","{""estimate"":-2,""exact"":false,""requestedDepth"":2,""nodes"":1,""nodeBudget"":111,""cacheHits"":0,""cutoffs"":17}","0.9191519999999969","false","","","local"
"60af0697-8368-4c75-b9a4-c206734b242d","7399651e-4a3d-48bd-a954-4b97bfe52a57","19","D5–E5","0","0","0","2","1","2","[{""boxes"":[3],""length"":1,""exteriorPorts"":1,""type"":""unclassified""},{""boxes"":[4,5,6,7],""length"":4,""exteriorPorts"":1,""type"":""unclassified""},{""boxes"":[8,9,10,11,12,13,14,15],""length"":8,""exteriorPorts"":5,""type"":""unclassified""}]","{""estimate"":-2,""exact"":false,""requestedDepth"":2,""nodes"":1,""nodeBudget"":111,""cacheHits"":0,""cutoffs"":17}","0.8175689999999918","false","","","local"
"60af0697-8368-4c75-b9a4-c206734b242d","7399651e-4a3d-48bd-a954-4b97bfe52a57","24","E1–E2","1","0","1","1","0","5","[{""boxes"":[4,5,6,7],""length"":4,""exteriorPorts"":1,""type"":""unclassified""},{""boxes"":[8,9,10,11,12,13,14,15],""length"":8,""exteriorPorts"":6,""type"":""unclassified""}]","{""estimate"":8,""exact"":false,""requestedDepth"":2,""nodes"":1,""nodeBudget"":111,""cacheHits"":0,""cutoffs"":17}","0.5412729999999897","true","","","local"
"60af0697-8368-4c75-b9a4-c206734b242d","7399651e-4a3d-48bd-a954-4b97bfe52a57","25","A2–A3","0","1","0","3","1","5","[{""boxes"":[3],""length"":1,""exteriorPorts"":1,""type"":""unclassified""},{""boxes"":[4,5,6,7],""length"":4,""exteriorPorts"":0,""type"":""unclassified""},{""boxes"":[8,9,10,11,12,13,14,15],""length"":8,""exteriorPorts"":6,""type"":""unclassified""}]","{""estimate"":-2,""exact"":false,""requestedDepth"":2,""nodes"":1,""nodeBudget"":111,""cacheHits"":0,""cutoffs"":17}","0.6624860000000012","false","","","local"
"60af0697-8368-4c75-b9a4-c206734b242d","7399651e-4a3d-48bd-a954-4b97bfe52a57","26","B2–B3","0","2","0","4","1","5","[{""boxes"":[3],""length"":1,""exteriorPorts"":1,""type"":""unclassified""},{""boxes"":[4],""length"":1,""exteriorPorts"":1,""type"":""unclassified""},{""boxes"":[5,6,7],""length"":3,""exteriorPorts"":0,""type"":""unclassified""},{""boxes"":[8,9,10,11,12,13,14,15],""length"":8,""exteriorPorts"":6,""type"":""unclassified""}]","{""estimate"":-2,""exact"":false,""requestedDepth"":2,""nodes"":1,""nodeBudget"":111,""cacheHits"":0,""cutoffs"":17}","0.5421150000000239","false","","","local"
"60af0697-8368-4c75-b9a4-c206734b242d","7399651e-4a3d-48bd-a954-4b97bfe52a57","27","C2–C3","0","2","0","4","2","5","[{""boxes"":[3],""length"":1,""exteriorPorts"":1,""type"":""unclassified""},{""boxes"":[4,5],""length"":2,""exteriorPorts"":1,""type"":""unclassified""},{""boxes"":[6,7],""length"":2,""exteriorPorts"":0,""type"":""unclassified""},{""boxes"":[8,9,10,11,12,13,14,15],""length"":8,""exteriorPorts"":6,""type"":""unclassified""}]","{""estimate"":-2,""exact"":false,""requestedDepth"":2,""nodes"":1,""nodeBudget"":111,""cacheHits"":0,""cutoffs"":17}","0.7275739999999473","false","","","local"
"60af0697-8368-4c75-b9a4-c206734b242d","7399651e-4a3d-48bd-a954-4b97bfe52a57","28","D2–D3","1","1","1","2","0","5","[{""boxes"":[3],""length"":1,""exteriorPorts"":1,""type"":""unclassified""},{""boxes"":[4,5,6],""length"":3,""exteriorPorts"":1,""type"":""unclassified""},{""boxes"":[8,9,10,11,12,13,14,15],""length"":8,""exteriorPorts"":6,""type"":""unclassified""}]","{""estimate"":8,""exact"":false,""requestedDepth"":2,""nodes"":1,""nodeBudget"":111,""cacheHits"":0,""cutoffs"":17}","0.5678940000000239","false","","","local"
"60af0697-8368-4c75-b9a4-c206734b242d","7399651e-4a3d-48bd-a954-4b97bfe52a57","30","A3–A4","0","1","0","3","1","5","[{""boxes"":[3],""length"":1,""exteriorPorts"":1,""type"":""unclassified""},{""boxes"":[4,5,6,7],""length"":4,""exteriorPorts"":1,""type"":""unclassified""},{""boxes"":[8,9,10,11,12,13,14,15],""length"":8,""exteriorPorts"":5,""type"":""unclassified""}]","{""estimate"":-4,""exact"":false,""requestedDepth"":2,""nodes"":1,""nodeBudget"":111,""cacheHits"":0,""cutoffs"":17}","0.8583899999999858","false","","","local"
"60af0697-8368-4c75-b9a4-c206734b242d","7399651e-4a3d-48bd-a954-4b97bfe52a57","31","B3–B4","0","2","0","4","1","5","[{""boxes"":[3],""length"":1,""exteriorPorts"":1,""type"":""unclassified""},{""boxes"":[4,5,6,7],""length"":4,""exteriorPorts"":1,""type"":""unclassified""},{""boxes"":[8],""length"":1,""exteriorPorts"":1,""type"":""unclassified""},{""boxes"":[9,10,11,12,13,14,15],""length"":7,""exteriorPorts"":5,""type"":""unclassified""}]","{""estimate"":-4,""exact"":false,""requestedDepth"":2,""nodes"":1,""nodeBudget"":111,""cacheHits"":0,""cutoffs"":17}","0.8575190000000248","false","","","local"
"60af0697-8368-4c75-b9a4-c206734b242d","7399651e-4a3d-48bd-a954-4b97bfe52a57","32","C3–C4","0","1","0","3","1","4","[{""boxes"":[3],""length"":1,""exteriorPorts"":1,""type"":""unclassified""},{""boxes"":[4,5,6,7],""length"":4,""exteriorPorts"":1,""type"":""unclassified""},{""boxes"":[8,9],""length"":2,""exteriorPorts"":1,""type"":""unclassified""},{""boxes"":[10,11,12,13,14,15],""length"":6,""exteriorPorts"":5,""type"":""unclassified""}]","{""estimate"":-4,""exact"":false,""requestedDepth"":2,""nodes"":1,""nodeBudget"":111,""cacheHits"":0,""cutoffs"":17}","0.8465930000000412","false","","","local"
"60af0697-8368-4c75-b9a4-c206734b242d","7399651e-4a3d-48bd-a954-4b97bfe52a57","33","D3–D4","0","1","0","3","1","4","[{""boxes"":[3],""length"":1,""exteriorPorts"":1,""type"":""unclassified""},{""boxes"":[4,5,6,7],""length"":4,""exteriorPorts"":1,""type"":""unclassified""},{""boxes"":[8,9,10,12,13,14,15],""length"":7,""exteriorPorts"":5,""type"":""unclassified""},{""boxes"":[11],""length"":1,""exteriorPorts"":1,""type"":""unclassified""}]","{""estimate"":-3,""exact"":false,""requestedDepth"":2,""nodes"":1,""nodeBudget"":111,""cacheHits"":0,""cutoffs"":17}","0.8373789999999985","false","","","local"
"60af0697-8368-4c75-b9a4-c206734b242d","7399651e-4a3d-48bd-a954-4b97bfe52a57","34","E3–E4","0","1","0","3","1","5","[{""boxes"":[3],""length"":1,""exteriorPorts"":1,""type"":""unclassified""},{""boxes"":[4,5,6,7],""length"":4,""exteriorPorts"":1,""type"":""unclassified""},{""boxes"":[8,9,10,11,12,13,14,15],""length"":8,""exteriorPorts"":5,""type"":""unclassified""}]","{""estimate"":-3,""exact"":false,""requestedDepth"":2,""nodes"":1,""nodeBudget"":111,""cacheHits"":0,""cutoffs"":17}","0.8396119999999883","false","","","local"
"60af0697-8368-4c75-b9a4-c206734b242d","7399651e-4a3d-48bd-a954-4b97bfe52a57","35","A4–A5","0","1","0","3","1","5","[{""boxes"":[3],""length"":1,""exteriorPorts"":1,""type"":""unclassified""},{""boxes"":[4,5,6,7],""length"":4,""exteriorPorts"":1,""type"":""unclassified""},{""boxes"":[8,9,10,11,12,13,14,15],""length"":8,""exteriorPorts"":5,""type"":""unclassified""}]","{""estimate"":-4,""exact"":false,""requestedDepth"":2,""nodes"":1,""nodeBudget"":111,""cacheHits"":0,""cutoffs"":17}","1.3967100000000414","false","","","local"
"60af0697-8368-4c75-b9a4-c206734b242d","7399651e-4a3d-48bd-a954-4b97bfe52a57","36","B4–B5","0","2","0","4","1","5","[{""boxes"":[3],""length"":1,""exteriorPorts"":1,""type"":""unclassified""},{""boxes"":[4,5,6,7],""length"":4,""exteriorPorts"":1,""type"":""unclassified""},{""boxes"":[8,9,10,11,13,14,15],""length"":7,""exteriorPorts"":5,""type"":""unclassified""},{""boxes"":[12],""length"":1,""exteriorPorts"":1,""type"":""unclassified""}]","{""estimate"":-4,""exact"":false,""requestedDepth"":2,""nodes"":1,""nodeBudget"":111,""cacheHits"":0,""cutoffs"":17}","0.8789309999999659","false","","","local"
"60af0697-8368-4c75-b9a4-c206734b242d","7399651e-4a3d-48bd-a954-4b97bfe52a57","37","C4–C5","0","1","0","3","1","5","[{""boxes"":[3],""length"":1,""exteriorPorts"":1,""type"":""unclassified""},{""boxes"":[4,5,6,7],""length"":4,""exteriorPorts"":1,""type"":""unclassified""},{""boxes"":[8,9,10,11,14,15],""length"":6,""exteriorPorts"":5,""type"":""unclassified""},{""boxes"":[12,13],""length"":2,""exteriorPorts"":1,""type"":""unclassified""}]","{""estimate"":-4,""exact"":false,""requestedDepth"":2,""nodes"":1,""nodeBudget"":111,""cacheHits"":0,""cutoffs"":17}","0.9439989999999625","false","","","local"
"60af0697-8368-4c75-b9a4-c206734b242d","7399651e-4a3d-48bd-a954-4b97bfe52a57","38","D4–D5","0","0","0","2","1","2","[{""boxes"":[3],""length"":1,""exteriorPorts"":1,""type"":""unclassified""},{""boxes"":[4,5,6,7],""length"":4,""exteriorPorts"":1,""type"":""unclassified""},{""boxes"":[8,9,10,11,12,13,14],""length"":7,""exteriorPorts"":4,""type"":""unclassified""},{""boxes"":[15],""length"":1,""exteriorPorts"":2,""type"":""chain""}]","{""estimate"":-2,""exact"":false,""requestedDepth"":2,""nodes"":1,""nodeBudget"":111,""cacheHits"":0,""cutoffs"":17}","0.81003800000002","false","","","local"
"60af0697-8368-4c75-b9a4-c206734b242d","7399651e-4a3d-48bd-a954-4b97bfe52a57","39","E4–E5","0","0","0","2","1","2","[{""boxes"":[3],""length"":1,""exteriorPorts"":1,""type"":""unclassified""},{""boxes"":[4,5,6,7],""length"":4,""exteriorPorts"":1,""type"":""unclassified""},{""boxes"":[8,9,10,11,12,13,14,15],""length"":8,""exteriorPorts"":5,""type"":""unclassified""}]","{""estimate"":-2,""exact"":false,""requestedDepth"":2,""nodes"":1,""nodeBudget"":111,""cacheHits"":0,""cutoffs"":17}","0.7648499999999672","false","","","local"
"60af0697-8368-4c75-b9a4-c206734b242d","a8b7a569-9b69-4fab-bc93-024c6a6e1e90","14","C4–D4","0","0","0","1","1","4","[{""boxes"":[4,5,6,7],""length"":4,""exteriorPorts"":1,""type"":""unclassified""},{""boxes"":[8,9,10,11],""length"":4,""exteriorPorts"":2,""type"":""chain""},{""boxes"":[12,13,14,15],""length"":4,""exteriorPorts"":4,""type"":""unclassified""}]","{""estimate"":0,""exact"":false,""requestedDepth"":2,""nodes"":1,""nodeBudget"":117,""cacheHits"":0,""cutoffs"":16}","0.5756550000000402","false","","","local"
"60af0697-8368-4c75-b9a4-c206734b242d","a8b7a569-9b69-4fab-bc93-024c6a6e1e90","18","C5–D5","0","0","0","1","1","4","[{""boxes"":[4,5,6,7],""length"":4,""exteriorPorts"":1,""type"":""unclassified""},{""boxes"":[8,9,10,11,12,13,14,15],""length"":8,""exteriorPorts"":5,""type"":""unclassified""}]","{""estimate"":0,""exact"":false,""requestedDepth"":2,""nodes"":1,""nodeBudget"":117,""cacheHits"":0,""cutoffs"":16}","0.8489260000000058","false","","","local"
"60af0697-8368-4c75-b9a4-c206734b242d","a8b7a569-9b69-4fab-bc93-024c6a6e1e90","19","D5–E5","0","0","0","1","1","2","[{""boxes"":[4,5,6,7],""length"":4,""exteriorPorts"":1,""type"":""unclassified""},{""boxes"":[8,9,10,11,12,13,14,15],""length"":8,""exteriorPorts"":5,""type"":""unclassified""}]","{""estimate"":0,""exact"":false,""requestedDepth"":2,""nodes"":1,""nodeBudget"":117,""cacheHits"":0,""cutoffs"":16}","0.5108879999999658","false","","","local"
"60af0697-8368-4c75-b9a4-c206734b242d","a8b7a569-9b69-4fab-bc93-024c6a6e1e90","25","A2–A3","0","1","0","2","1","5","[{""boxes"":[4,5,6,7],""length"":4,""exteriorPorts"":0,""type"":""unclassified""},{""boxes"":[8,9,10,11,12,13,14,15],""length"":8,""exteriorPorts"":6,""type"":""unclassified""}]","{""estimate"":0,""exact"":false,""requestedDepth"":2,""nodes"":1,""nodeBudget"":117,""cacheHits"":0,""cutoffs"":16}","0.42270600000000513","false","","","local"
"60af0697-8368-4c75-b9a4-c206734b242d","a8b7a569-9b69-4fab-bc93-024c6a6e1e90","26","B2–B3","0","2","0","3","1","5","[{""boxes"":[4],""length"":1,""exteriorPorts"":1,""type"":""unclassified""},{""boxes"":[5,6,7],""length"":3,""exteriorPorts"":0,""type"":""unclassified""},{""boxes"":[8,9,10,11,12,13,14,15],""length"":8,""exteriorPorts"":6,""type"":""unclassified""}]","{""estimate"":0,""exact"":false,""requestedDepth"":2,""nodes"":1,""nodeBudget"":117,""cacheHits"":0,""cutoffs"":16}","0.5537429999999972","false","","","local"
"60af0697-8368-4c75-b9a4-c206734b242d","a8b7a569-9b69-4fab-bc93-024c6a6e1e90","27","C2–C3","0","2","0","3","2","5","[{""boxes"":[4,5],""length"":2,""exteriorPorts"":1,""type"":""unclassified""},{""boxes"":[6,7],""length"":2,""exteriorPorts"":0,""type"":""unclassified""},{""boxes"":[8,9,10,11,12,13,14,15],""length"":8,""exteriorPorts"":6,""type"":""unclassified""}]","{""estimate"":0,""exact"":false,""requestedDepth"":2,""nodes"":1,""nodeBudget"":117,""cacheHits"":0,""cutoffs"":16}","0.43161900000001197","false","","","local"
"60af0697-8368-4c75-b9a4-c206734b242d","a8b7a569-9b69-4fab-bc93-024c6a6e1e90","28","D2–D3","1","1","1","1","0","5","[{""boxes"":[4,5,6],""length"":3,""exteriorPorts"":1,""type"":""unclassified""},{""boxes"":[8,9,10,11,12,13,14,15],""length"":8,""exteriorPorts"":6,""type"":""unclassified""}]","{""estimate"":8,""exact"":false,""requestedDepth"":2,""nodes"":1,""nodeBudget"":117,""cacheHits"":0,""cutoffs"":16}","0.5120999999999754","true","","","local"
"60af0697-8368-4c75-b9a4-c206734b242d","a8b7a569-9b69-4fab-bc93-024c6a6e1e90","30","A3–A4","0","1","0","2","1","5","[{""boxes"":[4,5,6,7],""length"":4,""exteriorPorts"":1,""type"":""unclassified""},{""boxes"":[8,9,10,11,12,13,14,15],""length"":8,""exteriorPorts"":5,""type"":""unclassified""}]","{""estimate"":-2,""exact"":false,""requestedDepth"":2,""nodes"":1,""nodeBudget"":117,""cacheHits"":0,""cutoffs"":16}","0.812170999999978","false","","","local"
"60af0697-8368-4c75-b9a4-c206734b242d","a8b7a569-9b69-4fab-bc93-024c6a6e1e90","31","B3–B4","0","2","0","3","1","5","[{""boxes"":[4,5,6,7],""length"":4,""exteriorPorts"":1,""type"":""unclassified""},{""boxes"":[8],""length"":1,""exteriorPorts"":1,""type"":""unclassified""},{""boxes"":[9,10,11,12,13,14,15],""length"":7,""exteriorPorts"":5,""type"":""unclassified""}]","{""estimate"":-2,""exact"":false,""requestedDepth"":2,""nodes"":1,""nodeBudget"":117,""cacheHits"":0,""cutoffs"":16}","0.7473229999999944","false","","","local"
"60af0697-8368-4c75-b9a4-c206734b242d","a8b7a569-9b69-4fab-bc93-024c6a6e1e90","32","C3–C4","0","1","0","2","1","4","[{""boxes"":[4,5,6,7],""length"":4,""exteriorPorts"":1,""type"":""unclassified""},{""boxes"":[8,9],""length"":2,""exteriorPorts"":1,""type"":""unclassified""},{""boxes"":[10,11,12,13,14,15],""length"":6,""exteriorPorts"":5,""type"":""unclassified""}]","{""estimate"":-2,""exact"":false,""requestedDepth"":2,""nodes"":1,""nodeBudget"":117,""cacheHits"":0,""cutoffs"":16}","0.7089160000000447","false","","","local"
"60af0697-8368-4c75-b9a4-c206734b242d","a8b7a569-9b69-4fab-bc93-024c6a6e1e90","33","D3–D4","0","1","0","2","1","4","[{""boxes"":[4,5,6,7],""length"":4,""exteriorPorts"":1,""type"":""unclassified""},{""boxes"":[8,9,10,12,13,14,15],""length"":7,""exteriorPorts"":5,""type"":""unclassified""},{""boxes"":[11],""length"":1,""exteriorPorts"":1,""type"":""unclassified""}]","{""estimate"":-1,""exact"":false,""requestedDepth"":2,""nodes"":1,""nodeBudget"":117,""cacheHits"":0,""cutoffs"":16}","0.8518410000000358","false","","","local"
"60af0697-8368-4c75-b9a4-c206734b242d","a8b7a569-9b69-4fab-bc93-024c6a6e1e90","34","E3–E4","0","1","0","2","1","5","[{""boxes"":[4,5,6,7],""length"":4,""exteriorPorts"":1,""type"":""unclassified""},{""boxes"":[8,9,10,11,12,13,14,15],""length"":8,""exteriorPorts"":5,""type"":""unclassified""}]","{""estimate"":-1,""exact"":false,""requestedDepth"":2,""nodes"":1,""nodeBudget"":117,""cacheHits"":0,""cutoffs"":16}","0.7107089999999516","false","","","local"
"60af0697-8368-4c75-b9a4-c206734b242d","a8b7a569-9b69-4fab-bc93-024c6a6e1e90","35","A4–A5","0","1","0","2","1","5","[{""boxes"":[4,5,6,7],""length"":4,""exteriorPorts"":1,""type"":""unclassified""},{""boxes"":[8,9,10,11,12,13,14,15],""length"":8,""exteriorPorts"":5,""type"":""unclassified""}]","{""estimate"":-2,""exact"":false,""requestedDepth"":2,""nodes"":1,""nodeBudget"":117,""cacheHits"":0,""cutoffs"":16}","0.6731619999999907","false","","","local"
"60af0697-8368-4c75-b9a4-c206734b242d","a8b7a569-9b69-4fab-bc93-024c6a6e1e90","36","B4–B5","0","2","0","3","1","5","[{""boxes"":[4,5,6,7],""length"":4,""exteriorPorts"":1,""type"":""unclassified""},{""boxes"":[8,9,10,11,13,14,15],""length"":7,""exteriorPorts"":5,""type"":""unclassified""},{""boxes"":[12],""length"":1,""exteriorPorts"":1,""type"":""unclassified""}]","{""estimate"":-2,""exact"":false,""requestedDepth"":2,""nodes"":1,""nodeBudget"":117,""cacheHits"":0,""cutoffs"":16}","0.7171680000000151","false","","","local"
"60af0697-8368-4c75-b9a4-c206734b242d","a8b7a569-9b69-4fab-bc93-024c6a6e1e90","37","C4–C5","0","1","0","2","1","5","[{""boxes"":[4,5,6,7],""length"":4,""exteriorPorts"":1,""type"":""unclassified""},{""boxes"":[8,9,10,11,14,15],""length"":6,""exteriorPorts"":5,""type"":""unclassified""},{""boxes"":[12,13],""length"":2,""exteriorPorts"":1,""type"":""unclassified""}]","{""estimate"":-2,""exact"":false,""requestedDepth"":2,""nodes"":1,""nodeBudget"":117,""cacheHits"":0,""cutoffs"":16}","0.6169980000000237","false","","","local"
"60af0697-8368-4c75-b9a4-c206734b242d","a8b7a569-9b69-4fab-bc93-024c6a6e1e90","38","D4–D5","0","0","0","1","1","2","[{""boxes"":[4,5,6,7],""length"":4,""exteriorPorts"":1,""type"":""unclassified""},{""boxes"":[8,9,10,11,12,13,14],""length"":7,""exteriorPorts"":4,""type"":""unclassified""},{""boxes"":[15],""length"":1,""exteriorPorts"":2,""type"":""chain""}]","{""estimate"":0,""exact"":false,""requestedDepth"":2,""nodes"":1,""nodeBudget"":117,""cacheHits"":0,""cutoffs"":16}","0.5712990000000104","false","","","local"
"60af0697-8368-4c75-b9a4-c206734b242d","a8b7a569-9b69-4fab-bc93-024c6a6e1e90","39","E4–E5","0","0","0","1","1","2","[{""boxes"":[4,5,6,7],""length"":4,""exteriorPorts"":1,""type"":""unclassified""},{""boxes"":[8,9,10,11,12,13,14,15],""length"":8,""exteriorPorts"":5,""type"":""unclassified""}]","{""estimate"":0,""exact"":false,""requestedDepth"":2,""nodes"":1,""nodeBudget"":117,""cacheHits"":0,""cutoffs"":16}","0.5191300000000183","false","","","local"
"60af0697-8368-4c75-b9a4-c206734b242d","de14c1d3-6309-4117-869b-01703efe314f","14","C4–D4","0","0","0","1","1","4","[{""boxes"":[4,5,6],""length"":3,""exteriorPorts"":1,""type"":""unclassified""},{""boxes"":[8,9,10,11],""length"":4,""exteriorPorts"":2,""type"":""chain""},{""boxes"":[12,13,14,15],""length"":4,""exteriorPorts"":4,""type"":""unclassified""}]","{""estimate"":2,""exact"":false,""requestedDepth"":2,""nodes"":1,""nodeBudget"":125,""cacheHits"":0,""cutoffs"":15}","0.524248","false","","","local"
"60af0697-8368-4c75-b9a4-c206734b242d","de14c1d3-6309-4117-869b-01703efe314f","18","C5–D5","0","0","0","1","1","4","[{""boxes"":[4,5,6],""length"":3,""exteriorPorts"":1,""type"":""unclassified""},{""boxes"":[8,9,10,11,12,13,14,15],""length"":8,""exteriorPorts"":5,""type"":""unclassified""}]","{""estimate"":2,""exact"":false,""requestedDepth"":2,""nodes"":1,""nodeBudget"":125,""cacheHits"":0,""cutoffs"":15}","0.6113990000000058","false","","","local"
"60af0697-8368-4c75-b9a4-c206734b242d","de14c1d3-6309-4117-869b-01703efe314f","19","D5–E5","0","0","0","1","1","2","[{""boxes"":[4,5,6],""length"":3,""exteriorPorts"":1,""type"":""unclassified""},{""boxes"":[8,9,10,11,12,13,14,15],""length"":8,""exteriorPorts"":5,""type"":""unclassified""}]","{""estimate"":2,""exact"":false,""requestedDepth"":2,""nodes"":1,""nodeBudget"":125,""cacheHits"":0,""cutoffs"":15}","0.6279040000000009","false","","","local"
"60af0697-8368-4c75-b9a4-c206734b242d","de14c1d3-6309-4117-869b-01703efe314f","25","A2–A3","0","1","0","2","1","5","[{""boxes"":[4,5,6],""length"":3,""exteriorPorts"":0,""type"":""unclassified""},{""boxes"":[8,9,10,11,12,13,14,15],""length"":8,""exteriorPorts"":6,""type"":""unclassified""}]","{""estimate"":2,""exact"":false,""requestedDepth"":2,""nodes"":1,""nodeBudget"":125,""cacheHits"":0,""cutoffs"":15}","0.5917100000000346","false","","","local"
"60af0697-8368-4c75-b9a4-c206734b242d","de14c1d3-6309-4117-869b-01703efe314f","26","B2–B3","0","2","0","3","2","5","[{""boxes"":[4],""length"":1,""exteriorPorts"":1,""type"":""unclassified""},{""boxes"":[5,6],""length"":2,""exteriorPorts"":0,""type"":""unclassified""},{""boxes"":[8,9,10,11,12,13,14,15],""length"":8,""exteriorPorts"":6,""type"":""unclassified""}]","{""estimate"":2,""exact"":false,""requestedDepth"":2,""nodes"":1,""nodeBudget"":125,""cacheHits"":0,""cutoffs"":15}","0.3032259999999951","false","","","local"
"60af0697-8368-4c75-b9a4-c206734b242d","de14c1d3-6309-4117-869b-01703efe314f","27","C2–C3","1","1","1","1","0","5","[{""boxes"":[4,5],""length"":2,""exteriorPorts"":1,""type"":""unclassified""},{""boxes"":[8,9,10,11,12,13,14,15],""length"":8,""exteriorPorts"":6,""type"":""unclassified""}]","{""estimate"":8,""exact"":false,""requestedDepth"":2,""nodes"":1,""nodeBudget"":125,""cacheHits"":0,""cutoffs"":15}","0.38495799999998326","true","","","local"
"60af0697-8368-4c75-b9a4-c206734b242d","de14c1d3-6309-4117-869b-01703efe314f","30","A3–A4","0","1","0","2","1","5","[{""boxes"":[4,5,6],""length"":3,""exteriorPorts"":1,""type"":""unclassified""},{""boxes"":[8,9,10,11,12,13,14,15],""length"":8,""exteriorPorts"":5,""type"":""unclassified""}]","{""estimate"":0,""exact"":false,""requestedDepth"":2,""nodes"":1,""nodeBudget"":125,""cacheHits"":0,""cutoffs"":15}","0.6341530000000262","false","","","local"
"60af0697-8368-4c75-b9a4-c206734b242d","de14c1d3-6309-4117-869b-01703efe314f","31","B3–B4","0","2","0","3","1","5","[{""boxes"":[4,5,6],""length"":3,""exteriorPorts"":1,""type"":""unclassified""},{""boxes"":[8],""length"":1,""exteriorPorts"":1,""type"":""unclassified""},{""boxes"":[9,10,11,12,13,14,15],""length"":7,""exteriorPorts"":5,""type"":""unclassified""}]","{""estimate"":0,""exact"":false,""requestedDepth"":2,""nodes"":1,""nodeBudget"":125,""cacheHits"":0,""cutoffs"":15}","1.0500680000000102","false","","","local"
"60af0697-8368-4c75-b9a4-c206734b242d","de14c1d3-6309-4117-869b-01703efe314f","32","C3–C4","0","1","0","2","1","4","[{""boxes"":[4,5,6],""length"":3,""exteriorPorts"":1,""type"":""unclassified""},{""boxes"":[8,9],""length"":2,""exteriorPorts"":1,""type"":""unclassified""},{""boxes"":[10,11,12,13,14,15],""length"":6,""exteriorPorts"":5,""type"":""unclassified""}]","{""estimate"":0,""exact"":false,""requestedDepth"":2,""nodes"":1,""nodeBudget"":125,""cacheHits"":0,""cutoffs"":15}","0.8811849999999595","false","","","local"
"60af0697-8368-4c75-b9a4-c206734b242d","de14c1d3-6309-4117-869b-01703efe314f","33","D3–D4","0","1","0","2","1","4","[{""boxes"":[4,5,6],""length"":3,""exteriorPorts"":1,""type"":""unclassified""},{""boxes"":[8,9,10,12,13,14,15],""length"":7,""exteriorPorts"":5,""type"":""unclassified""},{""boxes"":[11],""length"":1,""exteriorPorts"":1,""type"":""unclassified""}]","{""estimate"":1,""exact"":false,""requestedDepth"":2,""nodes"":1,""nodeBudget"":125,""cacheHits"":0,""cutoffs"":15}","0.4727510000000166","false","","","local"
"60af0697-8368-4c75-b9a4-c206734b242d","de14c1d3-6309-4117-869b-01703efe314f","34","E3–E4","0","1","0","2","1","5","[{""boxes"":[4,5,6],""length"":3,""exteriorPorts"":1,""type"":""unclassified""},{""boxes"":[8,9,10,11,12,13,14,15],""length"":8,""exteriorPorts"":5,""type"":""unclassified""}]","{""estimate"":1,""exact"":false,""requestedDepth"":2,""nodes"":1,""nodeBudget"":125,""cacheHits"":0,""cutoffs"":15}","0.45277999999996155","false","","","local"
"60af0697-8368-4c75-b9a4-c206734b242d","de14c1d3-6309-4117-869b-01703efe314f","35","A4–A5","0","1","0","2","1","5","[{""boxes"":[4,5,6],""length"":3,""exteriorPorts"":1,""type"":""unclassified""},{""boxes"":[8,9,10,11,12,13,14,15],""length"":8,""exteriorPorts"":5,""type"":""unclassified""}]","{""estimate"":0,""exact"":false,""requestedDepth"":2,""nodes"":1,""nodeBudget"":125,""cacheHits"":0,""cutoffs"":15}","0.6305980000000204","false","","","local"
"60af0697-8368-4c75-b9a4-c206734b242d","de14c1d3-6309-4117-869b-01703efe314f","36","B4–B5","0","2","0","3","1","5","[{""boxes"":[4,5,6],""length"":3,""exteriorPorts"":1,""type"":""unclassified""},{""boxes"":[8,9,10,11,13,14,15],""length"":7,""exteriorPorts"":5,""type"":""unclassified""},{""boxes"":[12],""length"":1,""exteriorPorts"":1,""type"":""unclassified""}]","{""estimate"":0,""exact"":false,""requestedDepth"":2,""nodes"":1,""nodeBudget"":125,""cacheHits"":0,""cutoffs"":15}","0.5988609999999994","false","","","local"
"60af0697-8368-4c75-b9a4-c206734b242d","de14c1d3-6309-4117-869b-01703efe314f","37","C4–C5","0","1","0","2","1","5","[{""boxes"":[4,5,6],""length"":3,""exteriorPorts"":1,""type"":""unclassified""},{""boxes"":[8,9,10,11,14,15],""length"":6,""exteriorPorts"":5,""type"":""unclassified""},{""boxes"":[12,13],""length"":2,""exteriorPorts"":1,""type"":""unclassified""}]","{""estimate"":0,""exact"":false,""requestedDepth"":2,""nodes"":1,""nodeBudget"":125,""cacheHits"":0,""cutoffs"":15}","0.5173980000000142","false","","","local"
"60af0697-8368-4c75-b9a4-c206734b242d","de14c1d3-6309-4117-869b-01703efe314f","38","D4–D5","0","0","0","1","1","2","[{""boxes"":[4,5,6],""length"":3,""exteriorPorts"":1,""type"":""unclassified""},{""boxes"":[8,9,10,11,12,13,14],""length"":7,""exteriorPorts"":4,""type"":""unclassified""},{""boxes"":[15],""length"":1,""exteriorPorts"":2,""type"":""chain""}]","{""estimate"":2,""exact"":false,""requestedDepth"":2,""nodes"":1,""nodeBudget"":125,""cacheHits"":0,""cutoffs"":15}","0.5255900000000224","false","","","local"
"60af0697-8368-4c75-b9a4-c206734b242d","de14c1d3-6309-4117-869b-01703efe314f","39","E4–E5","0","0","0","1","1","2","[{""boxes"":[4,5,6],""length"":3,""exteriorPorts"":1,""type"":""unclassified""},{""boxes"":[8,9,10,11,12,13,14,15],""length"":8,""exteriorPorts"":5,""type"":""unclassified""}]","{""estimate"":2,""exact"":false,""requestedDepth"":2,""nodes"":1,""nodeBudget"":125,""cacheHits"":0,""cutoffs"":15}","0.4151740000000359","false","","","local"
"60af0697-8368-4c75-b9a4-c206734b242d","1bce3872-456b-4e97-8c0b-a01236e5df93","14","C4–D4","0","0","0","1","1","4","[{""boxes"":[4,5],""length"":2,""exteriorPorts"":1,""type"":""unclassified""},{""boxes"":[8,9,10,11],""length"":4,""exteriorPorts"":2,""type"":""chain""},{""boxes"":[12,13,14,15],""length"":4,""exteriorPorts"":4,""type"":""unclassified""}]","{""estimate"":4,""exact"":false,""requestedDepth"":2,""nodes"":1,""nodeBudget"":133,""cacheHits"":0,""cutoffs"":14}","0.3391000000000304","false","","","local"
"60af0697-8368-4c75-b9a4-c206734b242d","1bce3872-456b-4e97-8c0b-a01236e5df93","18","C5–D5","0","0","0","1","1","4","[{""boxes"":[4,5],""length"":2,""exteriorPorts"":1,""type"":""unclassified""},{""boxes"":[8,9,10,11,12,13,14,15],""length"":8,""exteriorPorts"":5,""type"":""unclassified""}]","{""estimate"":4,""exact"":false,""requestedDepth"":2,""nodes"":1,""nodeBudget"":133,""cacheHits"":0,""cutoffs"":14}","0.27735699999999497","false","","","local"
"60af0697-8368-4c75-b9a4-c206734b242d","1bce3872-456b-4e97-8c0b-a01236e5df93","19","D5–E5","0","0","0","1","1","2","[{""boxes"":[4,5],""length"":2,""exteriorPorts"":1,""type"":""unclassified""},{""boxes"":[8,9,10,11,12,13,14,15],""length"":8,""exteriorPorts"":5,""type"":""unclassified""}]","{""estimate"":4,""exact"":false,""requestedDepth"":2,""nodes"":1,""nodeBudget"":133,""cacheHits"":0,""cutoffs"":14}","0.6351349999999911","false","","","local"
"60af0697-8368-4c75-b9a4-c206734b242d","1bce3872-456b-4e97-8c0b-a01236e5df93","25","A2–A3","0","1","0","2","2","5","[{""boxes"":[4,5],""length"":2,""exteriorPorts"":0,""type"":""unclassified""},{""boxes"":[8,9,10,11,12,13,14,15],""length"":8,""exteriorPorts"":6,""type"":""unclassified""}]","{""estimate"":4,""exact"":false,""requestedDepth"":2,""nodes"":1,""nodeBudget"":133,""cacheHits"":0,""cutoffs"":14}","0.2185479999999984","false","","","local"
"60af0697-8368-4c75-b9a4-c206734b242d","1bce3872-456b-4e97-8c0b-a01236e5df93","26","B2–B3","1","1","1","1","0","5","[{""boxes"":[4],""length"":1,""exteriorPorts"":1,""type"":""unclassified""},{""boxes"":[8,9,10,11,12,13,14,15],""length"":8,""exteriorPorts"":6,""type"":""unclassified""}]","{""estimate"":8,""exact"":false,""requestedDepth"":2,""nodes"":1,""nodeBudget"":133,""cacheHits"":0,""cutoffs"":14}","0.20398700000004055","true","","","local"
"60af0697-8368-4c75-b9a4-c206734b242d","1bce3872-456b-4e97-8c0b-a01236e5df93","30","A3–A4","0","1","0","2","1","5","[{""boxes"":[4,5],""length"":2,""exteriorPorts"":1,""type"":""unclassified""},{""boxes"":[8,9,10,11,12,13,14,15],""length"":8,""exteriorPorts"":5,""type"":""unclassified""}]","{""estimate"":2,""exact"":false,""requestedDepth"":2,""nodes"":1,""nodeBudget"":133,""cacheHits"":0,""cutoffs"":14}","0.42323600000003125","false","","","local"
"60af0697-8368-4c75-b9a4-c206734b242d","1bce3872-456b-4e97-8c0b-a01236e5df93","31","B3–B4","0","2","0","3","1","5","[{""boxes"":[4,5],""length"":2,""exteriorPorts"":1,""type"":""unclassified""},{""boxes"":[8],""length"":1,""exteriorPorts"":1,""type"":""unclassified""},{""boxes"":[9,10,11,12,13,14,15],""length"":7,""exteriorPorts"":5,""type"":""unclassified""}]","{""estimate"":2,""exact"":false,""requestedDepth"":2,""nodes"":1,""nodeBudget"":133,""cacheHits"":0,""cutoffs"":14}","0.6026259999999866","false","","","local"
"60af0697-8368-4c75-b9a4-c206734b242d","1bce3872-456b-4e97-8c0b-a01236e5df93","32","C3–C4","0","1","0","2","1","4","[{""boxes"":[4,5],""length"":2,""exteriorPorts"":1,""type"":""unclassified""},{""boxes"":[8,9],""length"":2,""exteriorPorts"":1,""type"":""unclassified""},{""boxes"":[10,11,12,13,14,15],""length"":6,""exteriorPorts"":5,""type"":""unclassified""}]","{""estimate"":2,""exact"":false,""requestedDepth"":2,""nodes"":1,""nodeBudget"":133,""cacheHits"":0,""cutoffs"":14}","0.5065809999999829","false","","","local"
"60af0697-8368-4c75-b9a4-c206734b242d","1bce3872-456b-4e97-8c0b-a01236e5df93","33","D3–D4","0","1","0","2","1","4","[{""boxes"":[4,5],""length"":2,""exteriorPorts"":1,""type"":""unclassified""},{""boxes"":[8,9,10,12,13,14,15],""length"":7,""exteriorPorts"":5,""type"":""unclassified""},{""boxes"":[11],""length"":1,""exteriorPorts"":1,""type"":""unclassified""}]","{""estimate"":3,""exact"":false,""requestedDepth"":2,""nodes"":1,""nodeBudget"":133,""cacheHits"":0,""cutoffs"":14}","0.35474299999998493","false","","","local"
"60af0697-8368-4c75-b9a4-c206734b242d","1bce3872-456b-4e97-8c0b-a01236e5df93","34","E3–E4","0","1","0","2","1","5","[{""boxes"":[4,5],""length"":2,""exteriorPorts"":1,""type"":""unclassified""},{""boxes"":[8,9,10,11,12,13,14,15],""length"":8,""exteriorPorts"":5,""type"":""unclassified""}]","{""estimate"":3,""exact"":false,""requestedDepth"":2,""nodes"":1,""nodeBudget"":133,""cacheHits"":0,""cutoffs"":14}","0.38833400000004303","false","","","local"
"60af0697-8368-4c75-b9a4-c206734b242d","1bce3872-456b-4e97-8c0b-a01236e5df93","35","A4–A5","0","1","0","2","1","5","[{""boxes"":[4,5],""length"":2,""exteriorPorts"":1,""type"":""unclassified""},{""boxes"":[8,9,10,11,12,13,14,15],""length"":8,""exteriorPorts"":5,""type"":""unclassified""}]","{""estimate"":2,""exact"":false,""requestedDepth"":2,""nodes"":1,""nodeBudget"":133,""cacheHits"":0,""cutoffs"":14}","0.3683939999999666","false","","","local"
"60af0697-8368-4c75-b9a4-c206734b242d","1bce3872-456b-4e97-8c0b-a01236e5df93","36","B4–B5","0","2","0","3","1","5","[{""boxes"":[4,5],""length"":2,""exteriorPorts"":1,""type"":""unclassified""},{""boxes"":[8,9,10,11,13,14,15],""length"":7,""exteriorPorts"":5,""type"":""unclassified""},{""boxes"":[12],""length"":1,""exteriorPorts"":1,""type"":""unclassified""}]","{""estimate"":2,""exact"":false,""requestedDepth"":2,""nodes"":1,""nodeBudget"":133,""cacheHits"":0,""cutoffs"":14}","0.3654989999999998","false","","","local"
"60af0697-8368-4c75-b9a4-c206734b242d","1bce3872-456b-4e97-8c0b-a01236e5df93","37","C4–C5","0","1","0","2","1","5","[{""boxes"":[4,5],""length"":2,""exteriorPorts"":1,""type"":""unclassified""},{""boxes"":[8,9,10,11,14,15],""length"":6,""exteriorPorts"":5,""type"":""unclassified""},{""boxes"":[12,13],""length"":2,""exteriorPorts"":1,""type"":""unclassified""}]","{""estimate"":2,""exact"":false,""requestedDepth"":2,""nodes"":1,""nodeBudget"":133,""cacheHits"":0,""cutoffs"":14}","0.5605930000000399","false","","","local"
"60af0697-8368-4c75-b9a4-c206734b242d","1bce3872-456b-4e97-8c0b-a01236e5df93","38","D4–D5","0","0","0","1","1","2","[{""boxes"":[4,5],""length"":2,""exteriorPorts"":1,""type"":""unclassified""},{""boxes"":[8,9,10,11,12,13,14],""length"":7,""exteriorPorts"":4,""type"":""unclassified""},{""boxes"":[15],""length"":1,""exteriorPorts"":2,""type"":""chain""}]","{""estimate"":4,""exact"":false,""requestedDepth"":2,""nodes"":1,""nodeBudget"":133,""cacheHits"":0,""cutoffs"":14}","0.28618000000000166","false","","","local"
"60af0697-8368-4c75-b9a4-c206734b242d","1bce3872-456b-4e97-8c0b-a01236e5df93","39","E4–E5","0","0","0","1","1","2","[{""boxes"":[4,5],""length"":2,""exteriorPorts"":1,""type"":""unclassified""},{""boxes"":[8,9,10,11,12,13,14,15],""length"":8,""exteriorPorts"":5,""type"":""unclassified""}]","{""estimate"":4,""exact"":false,""requestedDepth"":2,""nodes"":1,""nodeBudget"":133,""cacheHits"":0,""cutoffs"":14}","0.3013429999999744","false","","","local"
"60af0697-8368-4c75-b9a4-c206734b242d","676f6d68-dc53-407d-b1bd-27472ed63120","14","C4–D4","0","0","0","1","1","4","[{""boxes"":[4],""length"":1,""exteriorPorts"":1,""type"":""unclassified""},{""boxes"":[8,9,10,11],""length"":4,""exteriorPorts"":2,""type"":""chain""},{""boxes"":[12,13,14,15],""length"":4,""exteriorPorts"":4,""type"":""unclassified""}]","{""estimate"":6,""exact"":false,""requestedDepth"":2,""nodes"":1,""nodeBudget"":142,""cacheHits"":0,""cutoffs"":13}","0.2608319999999935","false","","","local"
"60af0697-8368-4c75-b9a4-c206734b242d","676f6d68-dc53-407d-b1bd-27472ed63120","18","C5–D5","0","0","0","1","1","4","[{""boxes"":[4],""length"":1,""exteriorPorts"":1,""type"":""unclassified""},{""boxes"":[8,9,10,11,12,13,14,15],""length"":8,""exteriorPorts"":5,""type"":""unclassified""}]","{""estimate"":6,""exact"":false,""requestedDepth"":2,""nodes"":1,""nodeBudget"":142,""cacheHits"":0,""cutoffs"":13}","0.1930810000000065","false","","","local"
"60af0697-8368-4c75-b9a4-c206734b242d","676f6d68-dc53-407d-b1bd-27472ed63120","19","D5–E5","0","0","0","1","1","2","[{""boxes"":[4],""length"":1,""exteriorPorts"":1,""type"":""unclassified""},{""boxes"":[8,9,10,11,12,13,14,15],""length"":8,""exteriorPorts"":5,""type"":""unclassified""}]","{""estimate"":6,""exact"":false,""requestedDepth"":2,""nodes"":1,""nodeBudget"":142,""cacheHits"":0,""cutoffs"":13}","0.3899369999999749","false","","","local"
"60af0697-8368-4c75-b9a4-c206734b242d","676f6d68-dc53-407d-b1bd-27472ed63120","25","A2–A3","1","0","1","0","0","5","[{""boxes"":[8,9,10,11,12,13,14,15],""length"":8,""exteriorPorts"":6,""type"":""unclassified""}]","{""estimate"":8,""exact"":false,""requestedDepth"":2,""nodes"":1,""nodeBudget"":142,""cacheHits"":0,""cutoffs"":13}","0.125157999999999","true","","","local"
"60af0697-8368-4c75-b9a4-c206734b242d","676f6d68-dc53-407d-b1bd-27472ed63120","30","A3–A4","0","1","0","2","1","5","[{""boxes"":[4],""length"":1,""exteriorPorts"":1,""type"":""unclassified""},{""boxes"":[8,9,10,11,12,13,14,15],""length"":8,""exteriorPorts"":5,""type"":""unclassified""}]","{""estimate"":4,""exact"":false,""requestedDepth"":2,""nodes"":1,""nodeBudget"":142,""cacheHits"":0,""cutoffs"":13}","0.2948030000000017","false","","","local"
"60af0697-8368-4c75-b9a4-c206734b242d","676f6d68-dc53-407d-b1bd-27472ed63120","31","B3–B4","0","2","0","3","1","5","[{""boxes"":[4],""length"":1,""exteriorPorts"":1,""type"":""unclassified""},{""boxes"":[8],""length"":1,""exteriorPorts"":1,""type"":""unclassified""},{""boxes"":[9,10,11,12,13,14,15],""length"":7,""exteriorPorts"":5,""type"":""unclassified""}]","{""estimate"":4,""exact"":false,""requestedDepth"":2,""nodes"":1,""nodeBudget"":142,""cacheHits"":0,""cutoffs"":13}","0.30530899999996564","false","","","local"
"60af0697-8368-4c75-b9a4-c206734b242d","676f6d68-dc53-407d-b1bd-27472ed63120","32","C3–C4","0","1","0","2","1","4","[{""boxes"":[4],""length"":1,""exteriorPorts"":1,""type"":""unclassified""},{""boxes"":[8,9],""length"":2,""exteriorPorts"":1,""type"":""unclassified""},{""boxes"":[10,11,12,13,14,15],""length"":6,""exteriorPorts"":5,""type"":""unclassified""}]","{""estimate"":4,""exact"":false,""requestedDepth"":2,""nodes"":1,""nodeBudget"":142,""cacheHits"":0,""cutoffs"":13}","0.3114890000000514","false","","","local"
"60af0697-8368-4c75-b9a4-c206734b242d","676f6d68-dc53-407d-b1bd-27472ed63120","33","D3–D4","0","1","0","2","1","4","[{""boxes"":[4],""length"":1,""exteriorPorts"":1,""type"":""unclassified""},{""boxes"":[8,9,10,12,13,14,15],""length"":7,""exteriorPorts"":5,""type"":""unclassified""},{""boxes"":[11],""length"":1,""exteriorPorts"":1,""type"":""unclassified""}]","{""estimate"":5,""exact"":false,""requestedDepth"":2,""nodes"":1,""nodeBudget"":142,""cacheHits"":0,""cutoffs"":13}","0.26054200000004357","false","","","local"
"60af0697-8368-4c75-b9a4-c206734b242d","676f6d68-dc53-407d-b1bd-27472ed63120","34","E3–E4","0","1","0","2","1","5","[{""boxes"":[4],""length"":1,""exteriorPorts"":1,""type"":""unclassified""},{""boxes"":[8,9,10,11,12,13,14,15],""length"":8,""exteriorPorts"":5,""type"":""unclassified""}]","{""estimate"":5,""exact"":false,""requestedDepth"":2,""nodes"":1,""nodeBudget"":142,""cacheHits"":0,""cutoffs"":13}","0.2643380000000093","false","","","local"
"60af0697-8368-4c75-b9a4-c206734b242d","676f6d68-dc53-407d-b1bd-27472ed63120","35","A4–A5","0","1","0","2","1","5","[{""boxes"":[4],""length"":1,""exteriorPorts"":1,""type"":""unclassified""},{""boxes"":[8,9,10,11,12,13,14,15],""length"":8,""exteriorPorts"":5,""type"":""unclassified""}]","{""estimate"":4,""exact"":false,""requestedDepth"":2,""nodes"":1,""nodeBudget"":142,""cacheHits"":0,""cutoffs"":13}","0.293611999999996","false","","","local"
"60af0697-8368-4c75-b9a4-c206734b242d","676f6d68-dc53-407d-b1bd-27472ed63120","36","B4–B5","0","2","0","3","1","5","[{""boxes"":[4],""length"":1,""exteriorPorts"":1,""type"":""unclassified""},{""boxes"":[8,9,10,11,13,14,15],""length"":7,""exteriorPorts"":5,""type"":""unclassified""},{""boxes"":[12],""length"":1,""exteriorPorts"":1,""type"":""unclassified""}]","{""estimate"":4,""exact"":false,""requestedDepth"":2,""nodes"":1,""nodeBudget"":142,""cacheHits"":0,""cutoffs"":13}","0.44332699999995384","false","","","local"
"60af0697-8368-4c75-b9a4-c206734b242d","676f6d68-dc53-407d-b1bd-27472ed63120","37","C4–C5","0","1","0","2","1","5","[{""boxes"":[4],""length"":1,""exteriorPorts"":1,""type"":""unclassified""},{""boxes"":[8,9,10,11,14,15],""length"":6,""exteriorPorts"":5,""type"":""unclassified""},{""boxes"":[12,13],""length"":2,""exteriorPorts"":1,""type"":""unclassified""}]","{""estimate"":4,""exact"":false,""requestedDepth"":2,""nodes"":1,""nodeBudget"":142,""cacheHits"":0,""cutoffs"":13}","0.2742719999999963","false","","","local"
"60af0697-8368-4c75-b9a4-c206734b242d","676f6d68-dc53-407d-b1bd-27472ed63120","38","D4–D5","0","0","0","1","1","2","[{""boxes"":[4],""length"":1,""exteriorPorts"":1,""type"":""unclassified""},{""boxes"":[8,9,10,11,12,13,14],""length"":7,""exteriorPorts"":4,""type"":""unclassified""},{""boxes"":[15],""length"":1,""exteriorPorts"":2,""type"":""chain""}]","{""estimate"":6,""exact"":false,""requestedDepth"":2,""nodes"":1,""nodeBudget"":142,""cacheHits"":0,""cutoffs"":13}","0.21716599999996333","false","","","local"
"60af0697-8368-4c75-b9a4-c206734b242d","676f6d68-dc53-407d-b1bd-27472ed63120","39","E4–E5","0","0","0","1","1","2","[{""boxes"":[4],""length"":1,""exteriorPorts"":1,""type"":""unclassified""},{""boxes"":[8,9,10,11,12,13,14,15],""length"":8,""exteriorPorts"":5,""type"":""unclassified""}]","{""estimate"":6,""exact"":false,""requestedDepth"":2,""nodes"":1,""nodeBudget"":142,""cacheHits"":0,""cutoffs"":13}","0.19901900000002115","false","","","local"
"60af0697-8368-4c75-b9a4-c206734b242d","699832d0-a378-406b-8ac0-ec8d693f3050","14","C4–D4","0","0","0","0","0","4","[{""boxes"":[8,9,10,11],""length"":4,""exteriorPorts"":2,""type"":""chain""},{""boxes"":[12,13,14,15],""length"":4,""exteriorPorts"":4,""type"":""unclassified""}]","{""estimate"":8,""exact"":false,""requestedDepth"":2,""nodes"":1,""nodeBudget"":153,""cacheHits"":0,""cutoffs"":12}","0.18090200000000323","true","","","local"
"60af0697-8368-4c75-b9a4-c206734b242d","699832d0-a378-406b-8ac0-ec8d693f3050","18","C5–D5","0","0","0","0","0","4","[{""boxes"":[8,9,10,11,12,13,14,15],""length"":8,""exteriorPorts"":5,""type"":""unclassified""}]","{""estimate"":8,""exact"":false,""requestedDepth"":2,""nodes"":1,""nodeBudget"":153,""cacheHits"":0,""cutoffs"":12}","0.11836800000003223","false","","","local"
"60af0697-8368-4c75-b9a4-c206734b242d","699832d0-a378-406b-8ac0-ec8d693f3050","19","D5–E5","0","0","0","0","0","2","[{""boxes"":[8,9,10,11,12,13,14,15],""length"":8,""exteriorPorts"":5,""type"":""unclassified""}]","{""estimate"":8,""exact"":false,""requestedDepth"":2,""nodes"":1,""nodeBudget"":153,""cacheHits"":0,""cutoffs"":12}","0.13963999999998578","false","","","local"
"60af0697-8368-4c75-b9a4-c206734b242d","699832d0-a378-406b-8ac0-ec8d693f3050","30","A3–A4","0","1","0","1","1","5","[{""boxes"":[8,9,10,11,12,13,14,15],""length"":8,""exteriorPorts"":5,""type"":""unclassified""}]","{""estimate"":6,""exact"":false,""requestedDepth"":2,""nodes"":1,""nodeBudget"":153,""cacheHits"":0,""cutoffs"":12}","0.3777680000000032","false","","","local"
"60af0697-8368-4c75-b9a4-c206734b242d","699832d0-a378-406b-8ac0-ec8d693f3050","31","B3–B4","0","2","0","2","1","5","[{""boxes"":[8],""length"":1,""exteriorPorts"":1,""type"":""unclassified""},{""boxes"":[9,10,11,12,13,14,15],""length"":7,""exteriorPorts"":5,""type"":""unclassified""}]","{""estimate"":6,""exact"":false,""requestedDepth"":2,""nodes"":1,""nodeBudget"":153,""cacheHits"":0,""cutoffs"":12}","0.4162059999999883","false","","","local"
"60af0697-8368-4c75-b9a4-c206734b242d","699832d0-a378-406b-8ac0-ec8d693f3050","32","C3–C4","0","1","0","1","1","4","[{""boxes"":[8,9],""length"":2,""exteriorPorts"":1,""type"":""unclassified""},{""boxes"":[10,11,12,13,14,15],""length"":6,""exteriorPorts"":5,""type"":""unclassified""}]","{""estimate"":6,""exact"":false,""requestedDepth"":2,""nodes"":1,""nodeBudget"":153,""cacheHits"":0,""cutoffs"":12}","0.21792799999997214","false","","","local"
"60af0697-8368-4c75-b9a4-c206734b242d","699832d0-a378-406b-8ac0-ec8d693f3050","33","D3–D4","0","1","0","1","1","4","[{""boxes"":[8,9,10,12,13,14,15],""length"":7,""exteriorPorts"":5,""type"":""unclassified""},{""boxes"":[11],""length"":1,""exteriorPorts"":1,""type"":""unclassified""}]","{""estimate"":7,""exact"":false,""requestedDepth"":2,""nodes"":1,""nodeBudget"":153,""cacheHits"":0,""cutoffs"":12}","0.2210529999999835","false","","","local"
"60af0697-8368-4c75-b9a4-c206734b242d","699832d0-a378-406b-8ac0-ec8d693f3050","34","E3–E4","0","1","0","1","1","5","[{""boxes"":[8,9,10,11,12,13,14,15],""length"":8,""exteriorPorts"":5,""type"":""unclassified""}]","{""estimate"":7,""exact"":false,""requestedDepth"":2,""nodes"":1,""nodeBudget"":153,""cacheHits"":0,""cutoffs"":12}","0.18999599999995098","false","","","local"
"60af0697-8368-4c75-b9a4-c206734b242d","699832d0-a378-406b-8ac0-ec8d693f3050","35","A4–A5","0","1","0","1","1","5","[{""boxes"":[8,9,10,11,12,13,14,15],""length"":8,""exteriorPorts"":5,""type"":""unclassified""}]","{""estimate"":6,""exact"":false,""requestedDepth"":2,""nodes"":1,""nodeBudget"":153,""cacheHits"":0,""cutoffs"":12}","0.19480299999997897","false","","","local"
"60af0697-8368-4c75-b9a4-c206734b242d","699832d0-a378-406b-8ac0-ec8d693f3050","36","B4–B5","0","2","0","2","1","5","[{""boxes"":[8,9,10,11,13,14,15],""length"":7,""exteriorPorts"":5,""type"":""unclassified""},{""boxes"":[12],""length"":1,""exteriorPorts"":1,""type"":""unclassified""}]","{""estimate"":6,""exact"":false,""requestedDepth"":2,""nodes"":1,""nodeBudget"":153,""cacheHits"":0,""cutoffs"":12}","0.19205800000003137","false","","","local"
"60af0697-8368-4c75-b9a4-c206734b242d","699832d0-a378-406b-8ac0-ec8d693f3050","37","C4–C5","0","1","0","1","1","5","[{""boxes"":[8,9,10,11,14,15],""length"":6,""exteriorPorts"":5,""type"":""unclassified""},{""boxes"":[12,13],""length"":2,""exteriorPorts"":1,""type"":""unclassified""}]","{""estimate"":6,""exact"":false,""requestedDepth"":2,""nodes"":1,""nodeBudget"":153,""cacheHits"":0,""cutoffs"":12}","0.18931399999996756","false","","","local"
"60af0697-8368-4c75-b9a4-c206734b242d","699832d0-a378-406b-8ac0-ec8d693f3050","38","D4–D5","0","0","0","0","0","2","[{""boxes"":[8,9,10,11,12,13,14],""length"":7,""exteriorPorts"":4,""type"":""unclassified""},{""boxes"":[15],""length"":1,""exteriorPorts"":2,""type"":""chain""}]","{""estimate"":8,""exact"":false,""requestedDepth"":2,""nodes"":1,""nodeBudget"":153,""cacheHits"":0,""cutoffs"":12}","0.16922400000004245","false","","","local"
"60af0697-8368-4c75-b9a4-c206734b242d","699832d0-a378-406b-8ac0-ec8d693f3050","39","E4–E5","0","0","0","0","0","2","[{""boxes"":[8,9,10,11,12,13,14,15],""length"":8,""exteriorPorts"":5,""type"":""unclassified""}]","{""estimate"":8,""exact"":false,""requestedDepth"":2,""nodes"":1,""nodeBudget"":153,""cacheHits"":0,""cutoffs"":12}","0.1290639999999712","false","","","local"
"60af0697-8368-4c75-b9a4-c206734b242d","b4a7285e-ac21-417d-8bc5-298783e7b340","18","C5–D5","0","1","0","2","1","2","[{""boxes"":[8,9,10,11],""length"":4,""exteriorPorts"":2,""type"":""chain""},{""boxes"":[12,13],""length"":2,""exteriorPorts"":1,""type"":""unclassified""},{""boxes"":[14,15],""length"":2,""exteriorPorts"":2,""type"":""unclassified""}]","{""estimate"":5,""exact"":false,""requestedDepth"":2,""nodes"":1,""nodeBudget"":181,""cacheHits"":0,""cutoffs"":10}","0.3688549999999964","false","","","local"
"60af0697-8368-4c75-b9a4-c206734b242d","b4a7285e-ac21-417d-8bc5-298783e7b340","19","D5–E5","0","0","0","1","1","0","[{""boxes"":[8,9,10,11],""length"":4,""exteriorPorts"":2,""type"":""chain""},{""boxes"":[12,13],""length"":2,""exteriorPorts"":1,""type"":""unclassified""},{""boxes"":[14,15],""length"":2,""exteriorPorts"":2,""type"":""chain""}]","{""estimate"":6,""exact"":false,""requestedDepth"":2,""nodes"":1,""nodeBudget"":181,""cacheHits"":0,""cutoffs"":10}","0.24673100000001114","false","","","local"
"60af0697-8368-4c75-b9a4-c206734b242d","b4a7285e-ac21-417d-8bc5-298783e7b340","30","A3–A4","0","1","0","2","1","2","[{""boxes"":[8,9,10,11],""length"":4,""exteriorPorts"":1,""type"":""unclassified""},{""boxes"":[12,13],""length"":2,""exteriorPorts"":1,""type"":""unclassified""},{""boxes"":[14,15],""length"":2,""exteriorPorts"":3,""type"":""unclassified""}]","{""estimate"":2,""exact"":false,""requestedDepth"":2,""nodes"":1,""nodeBudget"":181,""cacheHits"":0,""cutoffs"":10}","0.26102199999996856","false","","","local"
"60af0697-8368-4c75-b9a4-c206734b242d","b4a7285e-ac21-417d-8bc5-298783e7b340","31","B3–B4","0","2","0","3","1","2","[{""boxes"":[8],""length"":1,""exteriorPorts"":1,""type"":""unclassified""},{""boxes"":[9,10,11],""length"":3,""exteriorPorts"":1,""type"":""unclassified""},{""boxes"":[12,13],""length"":2,""exteriorPorts"":1,""type"":""unclassified""},{""boxes"":[14,15],""length"":2,""exteriorPorts"":3,""type"":""unclassified""}]","{""estimate"":2,""exact"":false,""requestedDepth"":2,""nodes"":1,""nodeBudget"":181,""cacheHits"":0,""cutoffs"":10}","0.2586790000000292","false","","","local"
"60af0697-8368-4c75-b9a4-c206734b242d","b4a7285e-ac21-417d-8bc5-298783e7b340","32","C3–C4","0","2","0","3","1","2","[{""boxes"":[8,9],""length"":2,""exteriorPorts"":1,""type"":""unclassified""},{""boxes"":[10,11],""length"":2,""exteriorPorts"":1,""type"":""unclassified""},{""boxes"":[12,13],""length"":2,""exteriorPorts"":1,""type"":""unclassified""},{""boxes"":[14,15],""length"":2,""exteriorPorts"":3,""type"":""unclassified""}]","{""estimate"":2,""exact"":false,""requestedDepth"":2,""nodes"":1,""nodeBudget"":181,""cacheHits"":0,""cutoffs"":10}","0.29553499999997257","false","","","local"
"60af0697-8368-4c75-b9a4-c206734b242d","b4a7285e-ac21-417d-8bc5-298783e7b340","33","D3–D4","0","2","0","3","1","2","[{""boxes"":[8,9,10],""length"":3,""exteriorPorts"":1,""type"":""unclassified""},{""boxes"":[11],""length"":1,""exteriorPorts"":1,""type"":""unclassified""},{""boxes"":[12,13],""length"":2,""exteriorPorts"":1,""type"":""unclassified""},{""boxes"":[14,15],""length"":2,""exteriorPorts"":3,""type"":""unclassified""}]","{""estimate"":2,""exact"":false,""requestedDepth"":2,""nodes"":1,""nodeBudget"":181,""cacheHits"":0,""cutoffs"":10}","0.45121800000003986","false","","","local"
"60af0697-8368-4c75-b9a4-c206734b242d","b4a7285e-ac21-417d-8bc5-298783e7b340","34","E3–E4","0","1","0","2","1","2","[{""boxes"":[8,9,10,11],""length"":4,""exteriorPorts"":1,""type"":""unclassified""},{""boxes"":[12,13],""length"":2,""exteriorPorts"":1,""type"":""unclassified""},{""boxes"":[14,15],""length"":2,""exteriorPorts"":3,""type"":""unclassified""}]","{""estimate"":2,""exact"":false,""requestedDepth"":2,""nodes"":1,""nodeBudget"":181,""cacheHits"":0,""cutoffs"":10}","0.26572900000002164","false","","","local"
"60af0697-8368-4c75-b9a4-c206734b242d","b4a7285e-ac21-417d-8bc5-298783e7b340","35","A4–A5","0","1","0","2","2","2","[{""boxes"":[8,9,10,11],""length"":4,""exteriorPorts"":2,""type"":""chain""},{""boxes"":[12,13],""length"":2,""exteriorPorts"":0,""type"":""unclassified""},{""boxes"":[14,15],""length"":2,""exteriorPorts"":3,""type"":""unclassified""}]","{""estimate"":6,""exact"":false,""requestedDepth"":2,""nodes"":1,""nodeBudget"":181,""cacheHits"":0,""cutoffs"":10}","0.188383999999985","false","","","local"
"60af0697-8368-4c75-b9a4-c206734b242d","b4a7285e-ac21-417d-8bc5-298783e7b340","36","B4–B5","1","1","1","1","0","2","[{""boxes"":[8,9,10,11],""length"":4,""exteriorPorts"":2,""type"":""chain""},{""boxes"":[12],""length"":1,""exteriorPorts"":1,""type"":""unclassified""},{""boxes"":[14,15],""length"":2,""exteriorPorts"":3,""type"":""unclassified""}]","{""estimate"":10,""exact"":false,""requestedDepth"":2,""nodes"":1,""nodeBudget"":181,""cacheHits"":0,""cutoffs"":10}","0.16312500000003638","true","","","local"
"60af0697-8368-4c75-b9a4-c206734b242d","b4a7285e-ac21-417d-8bc5-298783e7b340","38","D4–D5","0","1","0","2","1","0","[{""boxes"":[8,9,10,11],""length"":4,""exteriorPorts"":2,""type"":""chain""},{""boxes"":[12,13],""length"":2,""exteriorPorts"":1,""type"":""unclassified""},{""boxes"":[14],""length"":1,""exteriorPorts"":1,""type"":""unclassified""},{""boxes"":[15],""length"":1,""exteriorPorts"":2,""type"":""chain""}]","{""estimate"":5,""exact"":false,""requestedDepth"":2,""nodes"":1,""nodeBudget"":181,""cacheHits"":0,""cutoffs"":10}","0.22436699999997245","false","","","local"
"60af0697-8368-4c75-b9a4-c206734b242d","b4a7285e-ac21-417d-8bc5-298783e7b340","39","E4–E5","0","0","0","1","1","0","[{""boxes"":[8,9,10,11],""length"":4,""exteriorPorts"":2,""type"":""chain""},{""boxes"":[12,13],""length"":2,""exteriorPorts"":1,""type"":""unclassified""},{""boxes"":[14,15],""length"":2,""exteriorPorts"":2,""type"":""chain""}]","{""estimate"":6,""exact"":false,""requestedDepth"":2,""nodes"":1,""nodeBudget"":181,""cacheHits"":0,""cutoffs"":10}","0.2137920000000122","false","","","local"
"60af0697-8368-4c75-b9a4-c206734b242d","28c9a69b-d00b-4640-9ddd-030eb4fe4a10","18","C5–D5","0","1","0","2","1","2","[{""boxes"":[8,9,10,11],""length"":4,""exteriorPorts"":2,""type"":""chain""},{""boxes"":[12],""length"":1,""exteriorPorts"":1,""type"":""unclassified""},{""boxes"":[14,15],""length"":2,""exteriorPorts"":2,""type"":""unclassified""}]","{""estimate"":7,""exact"":false,""requestedDepth"":2,""nodes"":1,""nodeBudget"":200,""cacheHits"":0,""cutoffs"":9}","0.2094940000000065","false","","","local"
"60af0697-8368-4c75-b9a4-c206734b242d","28c9a69b-d00b-4640-9ddd-030eb4fe4a10","19","D5–E5","0","0","0","1","1","0","[{""boxes"":[8,9,10,11],""length"":4,""exteriorPorts"":2,""type"":""chain""},{""boxes"":[12],""length"":1,""exteriorPorts"":1,""type"":""unclassified""},{""boxes"":[14,15],""length"":2,""exteriorPorts"":2,""type"":""chain""}]","{""estimate"":8,""exact"":false,""requestedDepth"":2,""nodes"":1,""nodeBudget"":200,""cacheHits"":0,""cutoffs"":9}","0.16772199999996928","false","","","local"
"60af0697-8368-4c75-b9a4-c206734b242d","28c9a69b-d00b-4640-9ddd-030eb4fe4a10","30","A3–A4","0","1","0","2","1","2","[{""boxes"":[8,9,10,11],""length"":4,""exteriorPorts"":1,""type"":""unclassified""},{""boxes"":[12],""length"":1,""exteriorPorts"":1,""type"":""unclassified""},{""boxes"":[14,15],""length"":2,""exteriorPorts"":3,""type"":""unclassified""}]","{""estimate"":4,""exact"":false,""requestedDepth"":2,""nodes"":1,""nodeBudget"":200,""cacheHits"":0,""cutoffs"":9}","0.22345599999999877","false","","","local"
"60af0697-8368-4c75-b9a4-c206734b242d","28c9a69b-d00b-4640-9ddd-030eb4fe4a10","31","B3–B4","0","2","0","3","1","2","[{""boxes"":[8],""length"":1,""exteriorPorts"":1,""type"":""unclassified""},{""boxes"":[9,10,11],""length"":3,""exteriorPorts"":1,""type"":""unclassified""},{""boxes"":[12],""length"":1,""exteriorPorts"":1,""type"":""unclassified""},{""boxes"":[14,15],""length"":2,""exteriorPorts"":3,""type"":""unclassified""}]","{""estimate"":4,""exact"":false,""requestedDepth"":2,""nodes"":1,""nodeBudget"":200,""cacheHits"":0,""cutoffs"":9}","0.1918190000000095","false","","","local"
"60af0697-8368-4c75-b9a4-c206734b242d","28c9a69b-d00b-4640-9ddd-030eb4fe4a10","32","C3–C4","0","2","0","3","1","2","[{""boxes"":[8,9],""length"":2,""exteriorPorts"":1,""type"":""unclassified""},{""boxes"":[10,11],""length"":2,""exteriorPorts"":1,""type"":""unclassified""},{""boxes"":[12],""length"":1,""exteriorPorts"":1,""type"":""unclassified""},{""boxes"":[14,15],""length"":2,""exteriorPorts"":3,""type"":""unclassified""}]","{""estimate"":4,""exact"":false,""requestedDepth"":2,""nodes"":1,""nodeBudget"":200,""cacheHits"":0,""cutoffs"":9}","0.18915399999997362","false","","","local"
"60af0697-8368-4c75-b9a4-c206734b242d","28c9a69b-d00b-4640-9ddd-030eb4fe4a10","33","D3–D4","0","2","0","3","1","2","[{""boxes"":[8,9,10],""length"":3,""exteriorPorts"":1,""type"":""unclassified""},{""boxes"":[11],""length"":1,""exteriorPorts"":1,""type"":""unclassified""},{""boxes"":[12],""length"":1,""exteriorPorts"":1,""type"":""unclassified""},{""boxes"":[14,15],""length"":2,""exteriorPorts"":3,""type"":""unclassified""}]","{""estimate"":4,""exact"":false,""requestedDepth"":2,""nodes"":1,""nodeBudget"":200,""cacheHits"":0,""cutoffs"":9}","0.2047680000000014","false","","","local"
"60af0697-8368-4c75-b9a4-c206734b242d","28c9a69b-d00b-4640-9ddd-030eb4fe4a10","34","E3–E4","0","1","0","2","1","2","[{""boxes"":[8,9,10,11],""length"":4,""exteriorPorts"":1,""type"":""unclassified""},{""boxes"":[12],""length"":1,""exteriorPorts"":1,""type"":""unclassified""},{""boxes"":[14,15],""length"":2,""exteriorPorts"":3,""type"":""unclassified""}]","{""estimate"":4,""exact"":false,""requestedDepth"":2,""nodes"":1,""nodeBudget"":200,""cacheHits"":0,""cutoffs"":9}","0.1917280000000119","false","","","local"
"60af0697-8368-4c75-b9a4-c206734b242d","28c9a69b-d00b-4640-9ddd-030eb4fe4a10","35","A4–A5","1","0","1","0","0","2","[{""boxes"":[8,9,10,11],""length"":4,""exteriorPorts"":2,""type"":""chain""},{""boxes"":[14,15],""length"":2,""exteriorPorts"":3,""type"":""unclassified""}]","{""estimate"":10,""exact"":false,""requestedDepth"":2,""nodes"":1,""nodeBudget"":200,""cacheHits"":0,""cutoffs"":9}","0.1169959999999719","true","","","local"
"60af0697-8368-4c75-b9a4-c206734b242d","28c9a69b-d00b-4640-9ddd-030eb4fe4a10","38","D4–D5","0","1","0","2","1","0","[{""boxes"":[8,9,10,11],""length"":4,""exteriorPorts"":2,""type"":""chain""},{""boxes"":[12],""length"":1,""exteriorPorts"":1,""type"":""unclassified""},{""boxes"":[14],""length"":1,""exteriorPorts"":1,""type"":""unclassified""},{""boxes"":[15],""length"":1,""exteriorPorts"":2,""type"":""chain""}]","{""estimate"":7,""exact"":false,""requestedDepth"":2,""nodes"":1,""nodeBudget"":200,""cacheHits"":0,""cutoffs"":9}","0.1761849999999754","false","","","local"
"60af0697-8368-4c75-b9a4-c206734b242d","28c9a69b-d00b-4640-9ddd-030eb4fe4a10","39","E4–E5","0","0","0","1","1","0","[{""boxes"":[8,9,10,11],""length"":4,""exteriorPorts"":2,""type"":""chain""},{""boxes"":[12],""length"":1,""exteriorPorts"":1,""type"":""unclassified""},{""boxes"":[14,15],""length"":2,""exteriorPorts"":2,""type"":""chain""}]","{""estimate"":8,""exact"":false,""requestedDepth"":2,""nodes"":1,""nodeBudget"":200,""cacheHits"":0,""cutoffs"":9}","0.1621640000000184","false","","","local"
"60af0697-8368-4c75-b9a4-c206734b242d","50db4339-c443-4011-8dab-c4f57bd5d3de","18","C5–D5","0","1","0","1","1","2","[{""boxes"":[8,9,10,11],""length"":4,""exteriorPorts"":2,""type"":""chain""},{""boxes"":[14,15],""length"":2,""exteriorPorts"":2,""type"":""unclassified""}]","{""estimate"":9,""exact"":false,""requestedDepth"":2,""nodes"":1,""nodeBudget"":222,""cacheHits"":0,""cutoffs"":8}","0.18061099999999897","false","","","local"
"60af0697-8368-4c75-b9a4-c206734b242d","50db4339-c443-4011-8dab-c4f57bd5d3de","19","D5–E5","0","0","0","0","0","0","[{""boxes"":[8,9,10,11],""length"":4,""exteriorPorts"":2,""type"":""chain""},{""boxes"":[14,15],""length"":2,""exteriorPorts"":2,""type"":""chain""}]","{""estimate"":12,""exact"":false,""requestedDepth"":2,""nodes"":1,""nodeBudget"":222,""cacheHits"":0,""cutoffs"":8}","0.12828300000001036","true","","","local"
"60af0697-8368-4c75-b9a4-c206734b242d","50db4339-c443-4011-8dab-c4f57bd5d3de","30","A3–A4","0","1","0","1","1","2","[{""boxes"":[8,9,10,11],""length"":4,""exteriorPorts"":1,""type"":""unclassified""},{""boxes"":[14,15],""length"":2,""exteriorPorts"":3,""type"":""unclassified""}]","{""estimate"":6,""exact"":false,""requestedDepth"":2,""nodes"":1,""nodeBudget"":222,""cacheHits"":0,""cutoffs"":8}","0.14532900000000382","false","","","local"
"60af0697-8368-4c75-b9a4-c206734b242d","50db4339-c443-4011-8dab-c4f57bd5d3de","31","B3–B4","0","2","0","2","1","2","[{""boxes"":[8],""length"":1,""exteriorPorts"":1,""type"":""unclassified""},{""boxes"":[9,10,11],""length"":3,""exteriorPorts"":1,""type"":""unclassified""},{""boxes"":[14,15],""length"":2,""exteriorPorts"":3,""type"":""unclassified""}]","{""estimate"":6,""exact"":false,""requestedDepth"":2,""nodes"":1,""nodeBudget"":222,""cacheHits"":0,""cutoffs"":8}","0.142374000000018","false","","","local"
"60af0697-8368-4c75-b9a4-c206734b242d","50db4339-c443-4011-8dab-c4f57bd5d3de","32","C3–C4","0","2","0","2","1","2","[{""boxes"":[8,9],""length"":2,""exteriorPorts"":1,""type"":""unclassified""},{""boxes"":[10,11],""length"":2,""exteriorPorts"":1,""type"":""unclassified""},{""boxes"":[14,15],""length"":2,""exteriorPorts"":3,""type"":""unclassified""}]","{""estimate"":6,""exact"":false,""requestedDepth"":2,""nodes"":1,""nodeBudget"":222,""cacheHits"":0,""cutoffs"":8}","0.14028999999999314","false","","","local"
"60af0697-8368-4c75-b9a4-c206734b242d","50db4339-c443-4011-8dab-c4f57bd5d3de","33","D3–D4","0","2","0","2","1","2","[{""boxes"":[8,9,10],""length"":3,""exteriorPorts"":1,""type"":""unclassified""},{""boxes"":[11],""length"":1,""exteriorPorts"":1,""type"":""unclassified""},{""boxes"":[14,15],""length"":2,""exteriorPorts"":3,""type"":""unclassified""}]","{""estimate"":6,""exact"":false,""requestedDepth"":2,""nodes"":1,""nodeBudget"":222,""cacheHits"":0,""cutoffs"":8}","0.1394199999999728","false","","","local"
"60af0697-8368-4c75-b9a4-c206734b242d","50db4339-c443-4011-8dab-c4f57bd5d3de","34","E3–E4","0","1","0","1","1","2","[{""boxes"":[8,9,10,11],""length"":4,""exteriorPorts"":1,""type"":""unclassified""},{""boxes"":[14,15],""length"":2,""exteriorPorts"":3,""type"":""unclassified""}]","{""estimate"":6,""exact"":false,""requestedDepth"":2,""nodes"":1,""nodeBudget"":222,""cacheHits"":0,""cutoffs"":8}","0.15545399999996334","false","","","local"
"60af0697-8368-4c75-b9a4-c206734b242d","50db4339-c443-4011-8dab-c4f57bd5d3de","38","D4–D5","0","1","0","1","1","0","[{""boxes"":[8,9,10,11],""length"":4,""exteriorPorts"":2,""type"":""chain""},{""boxes"":[14],""length"":1,""exteriorPorts"":1,""type"":""unclassified""},{""boxes"":[15],""length"":1,""exteriorPorts"":2,""type"":""chain""}]","{""estimate"":9,""exact"":false,""requestedDepth"":2,""nodes"":1,""nodeBudget"":222,""cacheHits"":0,""cutoffs"":8}","0.13421200000004774","false","","","local"
"60af0697-8368-4c75-b9a4-c206734b242d","50db4339-c443-4011-8dab-c4f57bd5d3de","39","E4–E5","0","0","0","0","0","0","[{""boxes"":[8,9,10,11],""length"":4,""exteriorPorts"":2,""type"":""chain""},{""boxes"":[14,15],""length"":2,""exteriorPorts"":2,""type"":""chain""}]","{""estimate"":12,""exact"":false,""requestedDepth"":2,""nodes"":1,""nodeBudget"":222,""cacheHits"":0,""cutoffs"":8}","0.14813299999997298","false","","","local"
"60af0697-8368-4c75-b9a4-c206734b242d","37d3e5de-ac2e-4843-80e4-bf205b9f2c0d","18","C5–D5","0","1","0","2","1","0","[{""boxes"":[8,9,10,11],""length"":4,""exteriorPorts"":1,""type"":""unclassified""},{""boxes"":[14,15],""length"":2,""exteriorPorts"":1,""type"":""unclassified""}]","{""estimate"":4,""exact"":false,""requestedDepth"":2,""nodes"":1,""nodeBudget"":285,""cacheHits"":0,""cutoffs"":6}","0.2298860000000218","false","","","local"
"60af0697-8368-4c75-b9a4-c206734b242d","37d3e5de-ac2e-4843-80e4-bf205b9f2c0d","30","A3–A4","0","1","0","2","1","0","[{""boxes"":[8,9,10,11],""length"":4,""exteriorPorts"":0,""type"":""unclassified""},{""boxes"":[14,15],""length"":2,""exteriorPorts"":2,""type"":""chain""}]","{""estimate"":6,""exact"":false,""requestedDepth"":2,""nodes"":1,""nodeBudget"":285,""cacheHits"":0,""cutoffs"":6}","0.1467209999999568","false","","","local"
"60af0697-8368-4c75-b9a4-c206734b242d","37d3e5de-ac2e-4843-80e4-bf205b9f2c0d","31","B3–B4","0","2","0","3","1","0","[{""boxes"":[8],""length"":1,""exteriorPorts"":1,""type"":""unclassified""},{""boxes"":[9,10,11],""length"":3,""exteriorPorts"":0,""type"":""unclassified""},{""boxes"":[14,15],""length"":2,""exteriorPorts"":2,""type"":""chain""}]","{""estimate"":6,""exact"":false,""requestedDepth"":2,""nodes"":1,""nodeBudget"":285,""cacheHits"":0,""cutoffs"":6}","0.11163800000002766","false","","","local"
"60af0697-8368-4c75-b9a4-c206734b242d","37d3e5de-ac2e-4843-80e4-bf205b9f2c0d","32","C3–C4","0","2","0","3","2","0","[{""boxes"":[8,9],""length"":2,""exteriorPorts"":1,""type"":""unclassified""},{""boxes"":[10,11],""length"":2,""exteriorPorts"":0,""type"":""unclassified""},{""boxes"":[14,15],""length"":2,""exteriorPorts"":2,""type"":""chain""}]","{""estimate"":6,""exact"":false,""requestedDepth"":2,""nodes"":1,""nodeBudget"":285,""cacheHits"":0,""cutoffs"":6}","0.11025599999999258","false","","","local"
"60af0697-8368-4c75-b9a4-c206734b242d","37d3e5de-ac2e-4843-80e4-bf205b9f2c0d","33","D3–D4","1","1","1","1","0","0","[{""boxes"":[8,9,10],""length"":3,""exteriorPorts"":1,""type"":""unclassified""},{""boxes"":[14,15],""length"":2,""exteriorPorts"":2,""type"":""chain""}]","{""estimate"":14,""exact"":false,""requestedDepth"":2,""nodes"":1,""nodeBudget"":285,""cacheHits"":0,""cutoffs"":6}","0.119920000000036","true","","","local"
"60af0697-8368-4c75-b9a4-c206734b242d","37d3e5de-ac2e-4843-80e4-bf205b9f2c0d","38","D4–D5","0","2","0","3","1","0","[{""boxes"":[8,9,10,11],""length"":4,""exteriorPorts"":1,""type"":""unclassified""},{""boxes"":[14],""length"":1,""exteriorPorts"":1,""type"":""unclassified""},{""boxes"":[15],""length"":1,""exteriorPorts"":1,""type"":""unclassified""}]","{""estimate"":4,""exact"":false,""requestedDepth"":2,""nodes"":1,""nodeBudget"":285,""cacheHits"":0,""cutoffs"":6}","0.13442199999997229","false","","","local"
"60af0697-8368-4c75-b9a4-c206734b242d","37d3e5de-ac2e-4843-80e4-bf205b9f2c0d","39","E4–E5","0","1","0","2","1","0","[{""boxes"":[8,9,10,11],""length"":4,""exteriorPorts"":1,""type"":""unclassified""},{""boxes"":[14,15],""length"":2,""exteriorPorts"":1,""type"":""unclassified""}]","{""estimate"":4,""exact"":false,""requestedDepth"":2,""nodes"":1,""nodeBudget"":285,""cacheHits"":0,""cutoffs"":6}","0.13504299999999603","false","","","local"
"60af0697-8368-4c75-b9a4-c206734b242d","58647cfe-4909-4a5b-914d-c829825dbaa8","18","C5–D5","0","1","0","2","1","0","[{""boxes"":[8,9,10],""length"":3,""exteriorPorts"":1,""type"":""unclassified""},{""boxes"":[14,15],""length"":2,""exteriorPorts"":1,""type"":""unclassified""}]","{""estimate"":6,""exact"":false,""requestedDepth"":2,""nodes"":1,""nodeBudget"":333,""cacheHits"":0,""cutoffs"":5}","0.11003499999998212","false","","","local"
"60af0697-8368-4c75-b9a4-c206734b242d","58647cfe-4909-4a5b-914d-c829825dbaa8","30","A3–A4","0","1","0","2","1","0","[{""boxes"":[8,9,10],""length"":3,""exteriorPorts"":0,""type"":""unclassified""},{""boxes"":[14,15],""length"":2,""exteriorPorts"":2,""type"":""chain""}]","{""estimate"":8,""exact"":false,""requestedDepth"":2,""nodes"":1,""nodeBudget"":333,""cacheHits"":0,""cutoffs"":5}","0.08072100000003957","false","","","local"
"60af0697-8368-4c75-b9a4-c206734b242d","58647cfe-4909-4a5b-914d-c829825dbaa8","31","B3–B4","0","2","0","3","2","0","[{""boxes"":[8],""length"":1,""exteriorPorts"":1,""type"":""unclassified""},{""boxes"":[9,10],""length"":2,""exteriorPorts"":0,""type"":""unclassified""},{""boxes"":[14,15],""length"":2,""exteriorPorts"":2,""type"":""chain""}]","{""estimate"":8,""exact"":false,""requestedDepth"":2,""nodes"":1,""nodeBudget"":333,""cacheHits"":0,""cutoffs"":5}","0.0763149999999655","false","","","local"
"60af0697-8368-4c75-b9a4-c206734b242d","58647cfe-4909-4a5b-914d-c829825dbaa8","32","C3–C4","1","1","1","1","0","0","[{""boxes"":[8,9],""length"":2,""exteriorPorts"":1,""type"":""unclassified""},{""boxes"":[14,15],""length"":2,""exteriorPorts"":2,""type"":""chain""}]","{""estimate"":14,""exact"":false,""requestedDepth"":2,""nodes"":1,""nodeBudget"":333,""cacheHits"":0,""cutoffs"":5}","0.07363099999997758","true","","","local"
"60af0697-8368-4c75-b9a4-c206734b242d","58647cfe-4909-4a5b-914d-c829825dbaa8","38","D4–D5","0","2","0","3","1","0","[{""boxes"":[8,9,10],""length"":3,""exteriorPorts"":1,""type"":""unclassified""},{""boxes"":[14],""length"":1,""exteriorPorts"":1,""type"":""unclassified""},{""boxes"":[15],""length"":1,""exteriorPorts"":1,""type"":""unclassified""}]","{""estimate"":6,""exact"":false,""requestedDepth"":2,""nodes"":1,""nodeBudget"":333,""cacheHits"":0,""cutoffs"":5}","0.116375000000005","false","","","local"
"60af0697-8368-4c75-b9a4-c206734b242d","58647cfe-4909-4a5b-914d-c829825dbaa8","39","E4–E5","0","1","0","2","1","0","[{""boxes"":[8,9,10],""length"":3,""exteriorPorts"":1,""type"":""unclassified""},{""boxes"":[14,15],""length"":2,""exteriorPorts"":1,""type"":""unclassified""}]","{""estimate"":6,""exact"":false,""requestedDepth"":2,""nodes"":1,""nodeBudget"":333,""cacheHits"":0,""cutoffs"":5}","0.09199800000004643","false","","","local"
"60af0697-8368-4c75-b9a4-c206734b242d","7f019c74-fc61-4747-8b44-3c3ee38a4b4e","18","C5–D5","0","1","0","2","1","0","[{""boxes"":[8,9],""length"":2,""exteriorPorts"":1,""type"":""unclassified""},{""boxes"":[14,15],""length"":2,""exteriorPorts"":1,""type"":""unclassified""}]","{""estimate"":8,""exact"":false,""requestedDepth"":2,""nodes"":1,""nodeBudget"":400,""cacheHits"":0,""cutoffs"":4}","0.09482300000001942","false","","","local"
"60af0697-8368-4c75-b9a4-c206734b242d","7f019c74-fc61-4747-8b44-3c3ee38a4b4e","30","A3–A4","0","1","0","2","2","0","[{""boxes"":[8,9],""length"":2,""exteriorPorts"":0,""type"":""unclassified""},{""boxes"":[14,15],""length"":2,""exteriorPorts"":2,""type"":""chain""}]","{""estimate"":10,""exact"":false,""requestedDepth"":2,""nodes"":1,""nodeBudget"":400,""cacheHits"":0,""cutoffs"":4}","0.053740000000004784","false","","","local"
"60af0697-8368-4c75-b9a4-c206734b242d","7f019c74-fc61-4747-8b44-3c3ee38a4b4e","31","B3–B4","1","1","1","1","0","0","[{""boxes"":[8],""length"":1,""exteriorPorts"":1,""type"":""unclassified""},{""boxes"":[14,15],""length"":2,""exteriorPorts"":2,""type"":""chain""}]","{""estimate"":14,""exact"":false,""requestedDepth"":2,""nodes"":1,""nodeBudget"":400,""cacheHits"":0,""cutoffs"":4}","0.05026500000002443","true","","","local"
"60af0697-8368-4c75-b9a4-c206734b242d","7f019c74-fc61-4747-8b44-3c3ee38a4b4e","38","D4–D5","0","2","0","3","1","0","[{""boxes"":[8,9],""length"":2,""exteriorPorts"":1,""type"":""unclassified""},{""boxes"":[14],""length"":1,""exteriorPorts"":1,""type"":""unclassified""},{""boxes"":[15],""length"":1,""exteriorPorts"":1,""type"":""unclassified""}]","{""estimate"":8,""exact"":false,""requestedDepth"":2,""nodes"":1,""nodeBudget"":400,""cacheHits"":0,""cutoffs"":4}","0.06029999999998381","false","","","local"
"60af0697-8368-4c75-b9a4-c206734b242d","7f019c74-fc61-4747-8b44-3c3ee38a4b4e","39","E4–E5","0","1","0","2","1","0","[{""boxes"":[8,9],""length"":2,""exteriorPorts"":1,""type"":""unclassified""},{""boxes"":[14,15],""length"":2,""exteriorPorts"":1,""type"":""unclassified""}]","{""estimate"":8,""exact"":false,""requestedDepth"":2,""nodes"":1,""nodeBudget"":400,""cacheHits"":0,""cutoffs"":4}","0.06015100000001894","false","","","local"
"60af0697-8368-4c75-b9a4-c206734b242d","c24cacc4-fced-4900-b5cf-b66640634c54","18","C5–D5","0","1","0","2","1","0","[{""boxes"":[8],""length"":1,""exteriorPorts"":1,""type"":""unclassified""},{""boxes"":[14,15],""length"":2,""exteriorPorts"":1,""type"":""unclassified""}]","{""estimate"":10,""exact"":false,""requestedDepth"":2,""nodes"":1,""nodeBudget"":500,""cacheHits"":0,""cutoffs"":3}","0.06579900000002681","false","","","local"
"60af0697-8368-4c75-b9a4-c206734b242d","c24cacc4-fced-4900-b5cf-b66640634c54","30","A3–A4","1","0","1","0","0","0","[{""boxes"":[14,15],""length"":2,""exteriorPorts"":2,""type"":""chain""}]","{""estimate"":12,""exact"":false,""requestedDepth"":2,""nodes"":1,""nodeBudget"":500,""cacheHits"":0,""cutoffs"":3}","0.03601399999996602","true","","","local"
"60af0697-8368-4c75-b9a4-c206734b242d","c24cacc4-fced-4900-b5cf-b66640634c54","38","D4–D5","0","2","0","3","1","0","[{""boxes"":[8],""length"":1,""exteriorPorts"":1,""type"":""unclassified""},{""boxes"":[14],""length"":1,""exteriorPorts"":1,""type"":""unclassified""},{""boxes"":[15],""length"":1,""exteriorPorts"":1,""type"":""unclassified""}]","{""estimate"":10,""exact"":false,""requestedDepth"":2,""nodes"":1,""nodeBudget"":500,""cacheHits"":0,""cutoffs"":3}","0.034922999999992044","false","","","local"
"60af0697-8368-4c75-b9a4-c206734b242d","c24cacc4-fced-4900-b5cf-b66640634c54","39","E4–E5","0","1","0","2","1","0","[{""boxes"":[8],""length"":1,""exteriorPorts"":1,""type"":""unclassified""},{""boxes"":[14,15],""length"":2,""exteriorPorts"":1,""type"":""unclassified""}]","{""estimate"":10,""exact"":false,""requestedDepth"":2,""nodes"":1,""nodeBudget"":500,""cacheHits"":0,""cutoffs"":3}","0.0377470000000244","false","","","local"
"60af0697-8368-4c75-b9a4-c206734b242d","41d01519-be84-43af-b593-e93e2467098f","18","C5–D5","0","1","0","1","1","0","[{""boxes"":[14,15],""length"":2,""exteriorPorts"":1,""type"":""unclassified""}]","{""estimate"":12,""exact"":false,""requestedDepth"":2,""nodes"":1,""nodeBudget"":666,""cacheHits"":0,""cutoffs"":2}","0.032288999999991574","true","","","local"
"60af0697-8368-4c75-b9a4-c206734b242d","41d01519-be84-43af-b593-e93e2467098f","38","D4–D5","0","2","0","2","1","0","[{""boxes"":[14],""length"":1,""exteriorPorts"":1,""type"":""unclassified""},{""boxes"":[15],""length"":1,""exteriorPorts"":1,""type"":""unclassified""}]","{""estimate"":12,""exact"":false,""requestedDepth"":2,""nodes"":1,""nodeBudget"":666,""cacheHits"":0,""cutoffs"":2}","0.022254000000032192","false","","","local"
"60af0697-8368-4c75-b9a4-c206734b242d","41d01519-be84-43af-b593-e93e2467098f","39","E4–E5","0","1","0","1","1","0","[{""boxes"":[14,15],""length"":2,""exteriorPorts"":1,""type"":""unclassified""}]","{""estimate"":12,""exact"":false,""requestedDepth"":2,""nodes"":1,""nodeBudget"":666,""cacheHits"":0,""cutoffs"":2}","0.023115000000018426","false","","","local"
"60af0697-8368-4c75-b9a4-c206734b242d","f262490c-374a-4754-ac72-0fc29d5046c8","38","D4–D5","2","0","","0","0","0","[]","{""estimate"":16,""exact"":true,""requestedDepth"":2,""nodes"":0,""nodeBudget"":2000,""cacheHits"":0,""cutoffs"":0}","0.01717499999995198","true","","","local"
